timestamp,consumption_kwh,temperature_c,humidity_pct,price_per_kwh,hour,day_of_week,is_weekend,is_peak_hour,hour_sin,hour_cos,temp_sensitivity
2026-01-01 00:00:00,0.98,21.8,77.0,4.5,0,3,0,0,0.0,1.0,0.421
2026-01-01 01:00:00,0.83,20.8,73.0,4.5,1,3,0,0,0.2588,0.9659,0.522
2026-01-01 02:00:00,0.82,22.4,75.0,4.5,2,3,0,0,0.5,0.866,0.365
2026-01-01 03:00:00,0.76,22.7,73.0,4.5,3,3,0,0,0.7071,0.7071,0.331
2026-01-01 04:00:00,0.64,23.4,68.0,4.5,4,3,0,0,0.866,0.5,0.261
2026-01-01 05:00:00,0.92,24.2,73.0,4.5,5,3,0,0,0.9659,0.2588,0.184
2026-01-01 06:00:00,1.36,24.5,71.0,6.0,6,3,0,0,1.0,0.0,0.147
2026-01-01 07:00:00,1.81,25.8,71.0,6.0,7,3,0,0,0.9659,-0.2588,0.017
2026-01-01 08:00:00,2.61,27.9,65.0,6.0,8,3,0,0,0.866,-0.5,0.191
2026-01-01 09:00:00,1.91,27.4,64.0,6.0,9,3,0,0,0.7071,-0.7071,0.142
2026-01-01 10:00:00,1.45,29.5,58.0,6.0,10,3,0,0,0.5,-0.866,0.346
2026-01-01 11:00:00,1.1,29.0,62.0,6.0,11,3,0,0,0.2588,-0.9659,0.296
2026-01-01 12:00:00,1.23,29.0,63.0,6.0,12,3,0,0,0.0,-1.0,0.299
2026-01-01 13:00:00,1.05,28.4,59.0,6.0,13,3,0,0,-0.2588,-0.9659,0.235
2026-01-01 14:00:00,0.85,27.9,57.0,6.0,14,3,0,0,-0.5,-0.866,0.19
2026-01-01 15:00:00,1.0,26.9,65.0,6.0,15,3,0,0,-0.7071,-0.7071,0.087
2026-01-01 16:00:00,1.45,26.8,65.0,6.0,16,3,0,0,-0.866,-0.5,0.083
2026-01-01 17:00:00,2.12,25.9,70.0,6.0,17,3,0,0,-0.9659,-0.2588,0.014
2026-01-01 18:00:00,3.11,25.3,71.0,8.5,18,3,0,1,-1.0,-0.0,0.075
2026-01-01 19:00:00,3.49,24.5,71.0,8.5,19,3,0,1,-0.9659,0.2588,0.154
2026-01-01 20:00:00,2.86,23.6,68.0,8.5,20,3,0,1,-0.866,0.5,0.239
2026-01-01 21:00:00,2.01,23.0,76.0,8.5,21,3,0,1,-0.7071,0.7071,0.303
2026-01-01 22:00:00,1.21,21.3,80.0,4.5,22,3,0,0,-0.5,0.866,0.475
2026-01-01 23:00:00,0.87,21.9,79.0,4.5,23,3,0,0,-0.2588,0.9659,0.414
2026-01-02 00:00:00,0.99,21.1,72.0,4.5,0,4,0,0,0.0,1.0,0.489
2026-01-02 01:00:00,0.79,21.7,75.0,4.5,1,4,0,0,0.2588,0.9659,0.426
2026-01-02 02:00:00,0.84,21.2,79.0,4.5,2,4,0,0,0.5,0.866,0.48
2026-01-02 03:00:00,0.86,22.6,75.0,4.5,3,4,0,0,0.7071,0.7071,0.335
2026-01-02 04:00:00,0.79,23.1,77.0,4.5,4,4,0,0,0.866,0.5,0.286
2026-01-02 05:00:00,1.01,24.1,65.0,4.5,5,4,0,0,0.9659,0.2588,0.185
2026-01-02 06:00:00,1.53,25.0,67.0,6.0,6,4,0,0,1.0,0.0,0.097
2026-01-02 07:00:00,1.99,25.4,68.0,6.0,7,4,0,0,0.9659,-0.2588,0.059
2026-01-02 08:00:00,2.46,26.1,64.0,6.0,8,4,0,0,0.866,-0.5,0.015
2026-01-02 09:00:00,1.89,27.2,66.0,6.0,9,4,0,0,0.7071,-0.7071,0.116
2026-01-02 10:00:00,1.77,28.9,61.0,6.0,10,4,0,0,0.5,-0.866,0.294
2026-01-02 11:00:00,1.22,29.4,61.0,6.0,11,4,0,0,0.2588,-0.9659,0.335
2026-01-02 12:00:00,1.27,29.4,64.0,6.0,12,4,0,0,0.0,-1.0,0.344
2026-01-02 13:00:00,1.0,28.3,61.0,6.0,13,4,0,0,-0.2588,-0.9659,0.233
2026-01-02 14:00:00,1.06,28.8,59.0,6.0,14,4,0,0,-0.5,-0.866,0.285
2026-01-02 15:00:00,0.87,28.6,65.0,6.0,15,4,0,0,-0.7071,-0.7071,0.261
2026-01-02 16:00:00,1.37,27.1,66.0,6.0,16,4,0,0,-0.866,-0.5,0.111
2026-01-02 17:00:00,2.17,25.1,69.0,6.0,17,4,0,0,-0.9659,-0.2588,0.092
2026-01-02 18:00:00,3.11,24.8,65.0,8.5,18,4,0,1,-1.0,-0.0,0.125
2026-01-02 19:00:00,3.39,24.2,70.0,8.5,19,4,0,1,-0.9659,0.2588,0.177
2026-01-02 20:00:00,2.96,23.5,68.0,8.5,20,4,0,1,-0.866,0.5,0.25
2026-01-02 21:00:00,1.96,22.7,69.0,8.5,21,4,0,1,-0.7071,0.7071,0.328
2026-01-02 22:00:00,1.21,21.9,74.0,4.5,22,4,0,0,-0.5,0.866,0.413
2026-01-02 23:00:00,1.0,20.3,82.0,4.5,23,4,0,0,-0.2588,0.9659,0.565
2026-01-03 00:00:00,1.06,22.0,73.0,4.5,0,5,1,0,0.0,1.0,0.403
2026-01-03 01:00:00,1.04,21.6,71.0,4.5,1,5,1,0,0.2588,0.9659,0.44
2026-01-03 02:00:00,1.18,20.8,75.0,4.5,2,5,1,0,0.5,0.866,0.52
2026-01-03 03:00:00,0.97,23.0,72.0,4.5,3,5,1,0,0.7071,0.7071,0.3
2026-01-03 04:00:00,1.29,22.9,70.0,4.5,4,5,1,0,0.866,0.5,0.313
2026-01-03 05:00:00,1.36,24.3,68.0,4.5,5,5,1,0,0.9659,0.2588,0.17
2026-01-03 06:00:00,1.69,25.1,63.0,6.0,6,5,1,0,1.0,0.0,0.088
2026-01-03 07:00:00,2.3,27.1,59.0,6.0,7,5,1,0,0.9659,-0.2588,0.107
2026-01-03 08:00:00,2.64,26.4,70.0,6.0,8,5,1,0,0.866,-0.5,0.041
2026-01-03 09:00:00,2.15,26.9,63.0,6.0,9,5,1,0,0.7071,-0.7071,0.091
2026-01-03 10:00:00,2.06,29.3,60.0,6.0,10,5,1,0,0.5,-0.866,0.334
2026-01-03 11:00:00,1.61,29.8,55.0,6.0,11,5,1,0,0.2588,-0.9659,0.384
2026-01-03 12:00:00,1.23,28.4,58.0,6.0,12,5,1,0,0.0,-1.0,0.243
2026-01-03 13:00:00,1.43,29.7,63.0,6.0,13,5,1,0,-0.2588,-0.9659,0.368
2026-01-03 14:00:00,1.4,28.7,65.0,6.0,14,5,1,0,-0.5,-0.866,0.268
2026-01-03 15:00:00,1.17,28.7,57.0,6.0,15,5,1,0,-0.7071,-0.7071,0.266
2026-01-03 16:00:00,1.61,27.7,58.0,6.0,16,5,1,0,-0.866,-0.5,0.171
2026-01-03 17:00:00,2.57,26.2,70.0,6.0,17,5,1,0,-0.9659,-0.2588,0.018
2026-01-03 18:00:00,3.13,25.7,65.0,8.5,18,5,1,1,-1.0,-0.0,0.032
2026-01-03 19:00:00,3.61,23.7,67.0,8.5,19,5,1,1,-0.9659,0.2588,0.227
2026-01-03 20:00:00,3.26,23.9,70.0,8.5,20,5,1,1,-0.866,0.5,0.213
2026-01-03 21:00:00,2.56,23.2,76.0,8.5,21,5,1,1,-0.7071,0.7071,0.276
2026-01-03 22:00:00,1.61,22.5,74.0,4.5,22,5,1,0,-0.5,0.866,0.354
2026-01-03 23:00:00,1.3,21.1,72.0,4.5,23,5,1,0,-0.2588,0.9659,0.49
2026-01-04 00:00:00,1.0,20.8,75.0,4.5,0,6,1,0,0.0,1.0,0.522
2026-01-04 01:00:00,1.06,21.9,71.0,4.5,1,6,1,0,0.2588,0.9659,0.413
2026-01-04 02:00:00,1.27,21.4,79.0,4.5,2,6,1,0,0.5,0.866,0.464
2026-01-04 03:00:00,1.18,22.9,76.0,4.5,3,6,1,0,0.7071,0.7071,0.31
2026-01-04 04:00:00,1.11,23.8,66.0,4.5,4,6,1,0,0.866,0.5,0.222
2026-01-04 05:00:00,1.27,24.4,67.0,4.5,5,6,1,0,0.9659,0.2588,0.161
2026-01-04 06:00:00,1.61,25.3,68.0,6.0,6,6,1,0,1.0,0.0,0.075
2026-01-04 07:00:00,2.21,26.2,63.0,6.0,7,6,1,0,0.9659,-0.2588,0.023
2026-01-04 08:00:00,2.86,27.0,61.0,6.0,8,6,1,0,0.866,-0.5,0.1
2026-01-04 09:00:00,2.24,27.8,62.0,6.0,9,6,1,0,0.7071,-0.7071,0.178
2026-01-04 10:00:00,1.81,27.6,59.0,6.0,10,6,1,0,0.5,-0.866,0.162
2026-01-04 11:00:00,1.71,29.2,58.0,6.0,11,6,1,0,0.2588,-0.9659,0.319
2026-01-04 12:00:00,1.47,29.6,61.0,6.0,12,6,1,0,0.0,-1.0,0.364
2026-01-04 13:00:00,1.52,29.0,55.0,6.0,13,6,1,0,-0.2588,-0.9659,0.302
2026-01-04 14:00:00,1.43,28.2,63.0,6.0,14,6,1,0,-0.5,-0.866,0.218
2026-01-04 15:00:00,1.36,28.0,63.0,6.0,15,6,1,0,-0.7071,-0.7071,0.202
2026-01-04 16:00:00,1.67,27.2,59.0,6.0,16,6,1,0,-0.866,-0.5,0.117
2026-01-04 17:00:00,2.2,25.5,72.0,6.0,17,6,1,0,-0.9659,-0.2588,0.049
2026-01-04 18:00:00,3.31,25.8,70.0,8.5,18,6,1,1,-1.0,-0.0,0.025
2026-01-04 19:00:00,3.55,24.1,67.0,8.5,19,6,1,1,-0.9659,0.2588,0.188
2026-01-04 20:00:00,3.06,23.5,75.0,8.5,20,6,1,1,-0.866,0.5,0.25
2026-01-04 21:00:00,2.47,23.2,76.0,8.5,21,6,1,1,-0.7071,0.7071,0.283
2026-01-04 22:00:00,1.54,20.8,73.0,4.5,22,6,1,0,-0.5,0.866,0.521
2026-01-04 23:00:00,1.44,21.5,70.0,4.5,23,6,1,0,-0.2588,0.9659,0.448
2026-01-05 00:00:00,0.97,20.5,79.0,4.5,0,0,0,0,0.0,1.0,0.545
2026-01-05 01:00:00,0.93,20.3,75.0,4.5,1,0,0,0,0.2588,0.9659,0.572
2026-01-05 02:00:00,0.99,22.3,78.0,4.5,2,0,0,0,0.5,0.866,0.366
2026-01-05 03:00:00,0.94,23.0,71.0,4.5,3,0,0,0,0.7071,0.7071,0.304
2026-01-05 04:00:00,0.7,22.2,70.0,4.5,4,0,0,0,0.866,0.5,0.377
2026-01-05 05:00:00,0.93,24.4,73.0,4.5,5,0,0,0,0.9659,0.2588,0.156
2026-01-05 06:00:00,1.4,25.3,71.0,6.0,6,0,0,0,1.0,0.0,0.072
2026-01-05 07:00:00,2.06,25.6,71.0,6.0,7,0,0,0,0.9659,-0.2588,0.042
2026-01-05 08:00:00,2.32,26.7,67.0,6.0,8,0,0,0,0.866,-0.5,0.068
2026-01-05 09:00:00,2.27,27.8,60.0,6.0,9,0,0,0,0.7071,-0.7071,0.179
2026-01-05 10:00:00,1.65,29.2,59.0,6.0,10,0,0,0,0.5,-0.866,0.324
2026-01-05 11:00:00,1.3,29.3,58.0,6.0,11,0,0,0,0.2588,-0.9659,0.325
2026-01-05 12:00:00,0.93,29.0,62.0,6.0,12,0,0,0,0.0,-1.0,0.304
2026-01-05 13:00:00,1.22,29.3,56.0,6.0,13,0,0,0,-0.2588,-0.9659,0.328
2026-01-05 14:00:00,0.94,28.6,58.0,6.0,14,0,0,0,-0.5,-0.866,0.258
2026-01-05 15:00:00,1.1,28.9,58.0,6.0,15,0,0,0,-0.7071,-0.7071,0.285
2026-01-05 16:00:00,1.53,28.0,61.0,6.0,16,0,0,0,-0.866,-0.5,0.2
2026-01-05 17:00:00,1.93,25.7,67.0,6.0,17,0,0,0,-0.9659,-0.2588,0.026
2026-01-05 18:00:00,3.07,24.4,72.0,8.5,18,0,0,1,-1.0,-0.0,0.162
2026-01-05 19:00:00,3.3,25.0,69.0,8.5,19,0,0,1,-0.9659,0.2588,0.1
2026-01-05 20:00:00,2.9,22.4,78.0,8.5,20,0,0,1,-0.866,0.5,0.361
2026-01-05 21:00:00,2.22,21.5,72.0,8.5,21,0,0,1,-0.7071,0.7071,0.447
2026-01-05 22:00:00,1.48,21.0,79.0,4.5,22,0,0,0,-0.5,0.866,0.496
2026-01-05 23:00:00,0.95,20.8,78.0,4.5,23,0,0,0,-0.2588,0.9659,0.524
2026-01-06 00:00:00,0.62,20.5,78.0,4.5,0,1,0,0,0.0,1.0,0.554
2026-01-06 01:00:00,0.68,22.2,76.0,4.5,1,1,0,0,0.2588,0.9659,0.382
2026-01-06 02:00:00,0.83,21.1,74.0,4.5,2,1,0,0,0.5,0.866,0.487
2026-01-06 03:00:00,0.98,23.2,70.0,4.5,3,1,0,0,0.7071,0.7071,0.276
2026-01-06 04:00:00,0.68,24.0,68.0,4.5,4,1,0,0,0.866,0.5,0.198
2026-01-06 05:00:00,0.82,24.4,68.0,4.5,5,1,0,0,0.9659,0.2588,0.158
2026-01-06 06:00:00,1.23,24.8,64.0,6.0,6,1,0,0,1.0,0.0,0.124
2026-01-06 07:00:00,1.94,25.6,68.0,6.0,7,1,0,0,0.9659,-0.2588,0.04
2026-01-06 08:00:00,2.35,27.9,58.0,6.0,8,1,0,0,0.866,-0.5,0.191
2026-01-06 09:00:00,1.99,28.1,62.0,6.0,9,1,0,0,0.7071,-0.7071,0.206
2026-01-06 10:00:00,1.71,29.6,54.0,6.0,10,1,0,0,0.5,-0.866,0.356
2026-01-06 11:00:00,1.23,28.9,61.0,6.0,11,1,0,0,0.2588,-0.9659,0.286
2026-01-06 12:00:00,0.95,28.5,65.0,6.0,12,1,0,0,0.0,-1.0,0.251
2026-01-06 13:00:00,0.88,28.3,57.0,6.0,13,1,0,0,-0.2588,-0.9659,0.232
2026-01-06 14:00:00,1.12,28.4,62.0,6.0,14,1,0,0,-0.5,-0.866,0.24
2026-01-06 15:00:00,0.89,28.5,57.0,6.0,15,1,0,0,-0.7071,-0.7071,0.254
2026-01-06 16:00:00,1.3,27.4,64.0,6.0,16,1,0,0,-0.866,-0.5,0.143
2026-01-06 17:00:00,2.3,26.5,69.0,6.0,17,1,0,0,-0.9659,-0.2588,0.05
2026-01-06 18:00:00,2.96,25.5,65.0,8.5,18,1,0,1,-1.0,-0.0,0.054
2026-01-06 19:00:00,3.37,24.0,72.0,8.5,19,1,0,1,-0.9659,0.2588,0.196
2026-01-06 20:00:00,3.11,23.4,70.0,8.5,20,1,0,1,-0.866,0.5,0.26
2026-01-06 21:00:00,1.94,22.3,78.0,8.5,21,1,0,1,-0.7071,0.7071,0.375
2026-01-06 22:00:00,1.22,21.8,73.0,4.5,22,1,0,0,-0.5,0.866,0.422
2026-01-06 23:00:00,1.16,21.6,72.0,4.5,23,1,0,0,-0.2588,0.9659,0.442
2026-01-07 00:00:00,0.75,22.2,77.0,4.5,0,2,0,0,0.0,1.0,0.38
2026-01-07 01:00:00,0.66,20.4,80.0,4.5,1,2,0,0,0.2588,0.9659,0.562
2026-01-07 02:00:00,0.82,21.7,77.0,4.5,2,2,0,0,0.5,0.866,0.434
2026-01-07 03:00:00,0.94,21.8,73.0,4.5,3,2,0,0,0.7071,0.7071,0.417
2026-01-07 04:00:00,0.77,22.9,77.0,4.5,4,2,0,0,0.866,0.5,0.309
2026-01-07 05:00:00,0.94,24.0,72.0,4.5,5,2,0,0,0.9659,0.2588,0.199
2026-01-07 06:00:00,1.28,25.0,67.0,6.0,6,2,0,0,1.0,0.0,0.102
2026-01-07 07:00:00,1.85,26.0,68.0,6.0,7,2,0,0,0.9659,-0.2588,0.004
2026-01-07 08:00:00,2.23,26.6,62.0,6.0,8,2,0,0,0.866,-0.5,0.064
2026-01-07 09:00:00,2.24,28.8,62.0,6.0,9,2,0,0,0.7071,-0.7071,0.278
2026-01-07 10:00:00,1.74,29.5,60.0,6.0,10,2,0,0,0.5,-0.866,0.347
2026-01-07 11:00:00,1.07,28.9,62.0,6.0,11,2,0,0,0.2588,-0.9659,0.289
2026-01-07 12:00:00,1.06,28.5,57.0,6.0,12,2,0,0,0.0,-1.0,0.249
2026-01-07 13:00:00,1.12,28.7,64.0,6.0,13,2,0,0,-0.2588,-0.9659,0.267
2026-01-07 14:00:00,0.92,28.9,56.0,6.0,14,2,0,0,-0.5,-0.866,0.292
2026-01-07 15:00:00,0.92,28.1,58.0,6.0,15,2,0,0,-0.7071,-0.7071,0.214
2026-01-07 16:00:00,1.43,27.2,60.0,6.0,16,2,0,0,-0.866,-0.5,0.124
2026-01-07 17:00:00,2.2,26.6,64.0,6.0,17,2,0,0,-0.9659,-0.2588,0.063
2026-01-07 18:00:00,2.94,24.8,71.0,8.5,18,2,0,1,-1.0,-0.0,0.125
2026-01-07 19:00:00,3.41,23.5,70.0,8.5,19,2,0,1,-0.9659,0.2588,0.252
2026-01-07 20:00:00,2.9,22.6,72.0,8.5,20,2,0,1,-0.866,0.5,0.34
2026-01-07 21:00:00,2.26,23.1,68.0,8.5,21,2,0,1,-0.7071,0.7071,0.289
2026-01-07 22:00:00,1.4,21.4,80.0,4.5,22,2,0,0,-0.5,0.866,0.463
2026-01-07 23:00:00,1.04,21.8,78.0,4.5,23,2,0,0,-0.2588,0.9659,0.419
2026-01-08 00:00:00,0.6,21.8,70.0,4.5,0,3,0,0,0.0,1.0,0.419
2026-01-08 01:00:00,0.94,22.1,69.0,4.5,1,3,0,0,0.2588,0.9659,0.39
2026-01-08 02:00:00,0.68,21.4,79.0,4.5,2,3,0,0,0.5,0.866,0.46
2026-01-08 03:00:00,0.94,21.7,72.0,4.5,3,3,0,0,0.7071,0.7071,0.429
2026-01-08 04:00:00,0.83,23.0,76.0,4.5,4,3,0,0,0.866,0.5,0.303
2026-01-08 05:00:00,1.04,24.9,68.0,4.5,5,3,0,0,0.9659,0.2588,0.114
2026-01-08 06:00:00,1.38,24.8,64.0,6.0,6,3,0,0,1.0,0.0,0.118
2026-01-08 07:00:00,2.02,27.1,60.0,6.0,7,3,0,0,0.9659,-0.2588,0.108
2026-01-08 08:00:00,2.27,27.3,65.0,6.0,8,3,0,0,0.866,-0.5,0.131
2026-01-08 09:00:00,2.34,28.2,61.0,6.0,9,3,0,0,0.7071,-0.7071,0.217
2026-01-08 10:00:00,1.79,29.1,64.0,6.0,10,3,0,0,0.5,-0.866,0.308
2026-01-08 11:00:00,1.21,29.4,56.0,6.0,11,3,0,0,0.2588,-0.9659,0.343
2026-01-08 12:00:00,1.05,29.8,55.0,6.0,12,3,0,0,0.0,-1.0,0.375
2026-01-08 13:00:00,0.84,28.9,57.0,6.0,13,3,0,0,-0.2588,-0.9659,0.286
2026-01-08 14:00:00,1.22,29.1,63.0,6.0,14,3,0,0,-0.5,-0.866,0.308
2026-01-08 15:00:00,1.14,28.2,58.0,6.0,15,3,0,0,-0.7071,-0.7071,0.224
2026-01-08 16:00:00,1.56,28.2,66.0,6.0,16,3,0,0,-0.866,-0.5,0.218
2026-01-08 17:00:00,2.32,27.0,69.0,6.0,17,3,0,0,-0.9659,-0.2588,0.105
2026-01-08 18:00:00,2.84,24.4,66.0,8.5,18,3,0,1,-1.0,-0.0,0.162
2026-01-08 19:00:00,3.5,24.0,67.0,8.5,19,3,0,1,-0.9659,0.2588,0.201
2026-01-08 20:00:00,3.1,23.8,72.0,8.5,20,3,0,1,-0.866,0.5,0.218
2026-01-08 21:00:00,2.26,22.1,76.0,8.5,21,3,0,1,-0.7071,0.7071,0.395
2026-01-08 22:00:00,1.48,20.9,77.0,4.5,22,3,0,0,-0.5,0.866,0.506
2026-01-08 23:00:00,0.94,20.4,81.0,4.5,23,3,0,0,-0.2588,0.9659,0.559
2026-01-09 00:00:00,0.68,20.6,80.0,4.5,0,4,0,0,0.0,1.0,0.539
2026-01-09 01:00:00,0.97,21.0,76.0,4.5,1,4,0,0,0.2588,0.9659,0.503
2026-01-09 02:00:00,0.62,21.8,78.0,4.5,2,4,0,0,0.5,0.866,0.421
2026-01-09 03:00:00,0.78,21.9,72.0,4.5,3,4,0,0,0.7071,0.7071,0.408
2026-01-09 04:00:00,0.9,23.1,67.0,4.5,4,4,0,0,0.866,0.5,0.286
2026-01-09 05:00:00,0.79,24.8,68.0,4.5,5,4,0,0,0.9659,0.2588,0.124
2026-01-09 06:00:00,1.54,25.4,64.0,6.0,6,4,0,0,1.0,0.0,0.062
2026-01-09 07:00:00,1.82,26.6,67.0,6.0,7,4,0,0,0.9659,-0.2588,0.056
2026-01-09 08:00:00,2.33,27.0,68.0,6.0,8,4,0,0,0.866,-0.5,0.104
2026-01-09 09:00:00,2.14,27.2,65.0,6.0,9,4,0,0,0.7071,-0.7071,0.117
2026-01-09 10:00:00,1.69,28.4,64.0,6.0,10,4,0,0,0.5,-0.866,0.241
2026-01-09 11:00:00,1.19,29.7,58.0,6.0,11,4,0,0,0.2588,-0.9659,0.371
2026-01-09 12:00:00,1.15,30.2,60.0,6.0,12,4,0,0,0.0,-1.0,0.416
2026-01-09 13:00:00,1.21,29.1,57.0,6.0,13,4,0,0,-0.2588,-0.9659,0.312
2026-01-09 14:00:00,1.15,29.6,55.0,6.0,14,4,0,0,-0.5,-0.866,0.358
2026-01-09 15:00:00,0.78,27.7,63.0,6.0,15,4,0,0,-0.7071,-0.7071,0.174
2026-01-09 16:00:00,1.35,27.9,65.0,6.0,16,4,0,0,-0.866,-0.5,0.19
2026-01-09 17:00:00,1.95,25.5,66.0,6.0,17,4,0,0,-0.9659,-0.2588,0.054
2026-01-09 18:00:00,3.06,25.9,69.0,8.5,18,4,0,1,-1.0,-0.0,0.012
2026-01-09 19:00:00,3.42,23.3,67.0,8.5,19,4,0,1,-0.9659,0.2588,0.274
2026-01-09 20:00:00,2.78,24.0,71.0,8.5,20,4,0,1,-0.866,0.5,0.199
2026-01-09 21:00:00,2.07,22.7,76.0,8.5,21,4,0,1,-0.7071,0.7071,0.33
2026-01-09 22:00:00,1.2,22.6,76.0,4.5,22,4,0,0,-0.5,0.866,0.344
2026-01-09 23:00:00,0.85,20.7,79.0,4.5,23,4,0,0,-0.2588,0.9659,0.535
2026-01-10 00:00:00,0.94,21.8,70.0,4.5,0,5,1,0,0.0,1.0,0.42
2026-01-10 01:00:00,1.22,22.3,68.0,4.5,1,5,1,0,0.2588,0.9659,0.365
2026-01-10 02:00:00,0.93,21.3,71.0,4.5,2,5,1,0,0.5,0.866,0.469
2026-01-10 03:00:00,1.09,22.1,74.0,4.5,3,5,1,0,0.7071,0.7071,0.388
2026-01-10 04:00:00,1.14,22.7,77.0,4.5,4,5,1,0,0.866,0.5,0.33
2026-01-10 05:00:00,1.33,23.6,69.0,4.5,5,5,1,0,0.9659,0.2588,0.235
2026-01-10 06:00:00,1.53,26.0,62.0,6.0,6,5,1,0,1.0,0.0,0.004
2026-01-10 07:00:00,2.15,25.4,64.0,6.0,7,5,1,0,0.9659,-0.2588,0.064
2026-01-10 08:00:00,2.84,26.6,65.0,6.0,8,5,1,0,0.866,-0.5,0.06
2026-01-10 09:00:00,2.3,28.5,63.0,6.0,9,5,1,0,0.7071,-0.7071,0.254
2026-01-10 10:00:00,2.02,28.1,60.0,6.0,10,5,1,0,0.5,-0.866,0.215
2026-01-10 11:00:00,1.49,28.5,62.0,6.0,11,5,1,0,0.2588,-0.9659,0.25
2026-01-10 12:00:00,1.3,29.5,59.0,6.0,12,5,1,0,0.0,-1.0,0.351
2026-01-10 13:00:00,1.44,29.0,63.0,6.0,13,5,1,0,-0.2588,-0.9659,0.303
2026-01-10 14:00:00,1.51,28.8,62.0,6.0,14,5,1,0,-0.5,-0.866,0.283
2026-01-10 15:00:00,1.06,27.6,65.0,6.0,15,5,1,0,-0.7071,-0.7071,0.164
2026-01-10 16:00:00,1.79,26.4,64.0,6.0,16,5,1,0,-0.866,-0.5,0.043
2026-01-10 17:00:00,2.26,26.6,68.0,6.0,17,5,1,0,-0.9659,-0.2588,0.058
2026-01-10 18:00:00,3.02,25.8,68.0,8.5,18,5,1,1,-1.0,-0.0,0.016
2026-01-10 19:00:00,3.64,24.8,64.0,8.5,19,5,1,1,-0.9659,0.2588,0.124
2026-01-10 20:00:00,3.29,24.1,68.0,8.5,20,5,1,1,-0.866,0.5,0.186
2026-01-10 21:00:00,2.29,22.8,68.0,8.5,21,5,1,1,-0.7071,0.7071,0.316
2026-01-10 22:00:00,1.75,22.5,72.0,4.5,22,5,1,0,-0.5,0.866,0.348
2026-01-10 23:00:00,1.38,21.4,75.0,4.5,23,5,1,0,-0.2588,0.9659,0.459
2026-01-11 00:00:00,0.98,21.0,81.0,4.5,0,6,1,0,0.0,1.0,0.503
2026-01-11 01:00:00,1.04,21.7,70.0,4.5,1,6,1,0,0.2588,0.9659,0.435
2026-01-11 02:00:00,1.27,21.8,74.0,4.5,2,6,1,0,0.5,0.866,0.419
2026-01-11 03:00:00,1.09,23.2,76.0,4.5,3,6,1,0,0.7071,0.7071,0.279
2026-01-11 04:00:00,0.96,24.1,69.0,4.5,4,6,1,0,0.866,0.5,0.186
2026-01-11 05:00:00,1.07,24.8,68.0,4.5,5,6,1,0,0.9659,0.2588,0.119
2026-01-11 06:00:00,1.85,24.6,67.0,6.0,6,6,1,0,1.0,0.0,0.138
2026-01-11 07:00:00,2.13,26.6,64.0,6.0,7,6,1,0,0.9659,-0.2588,0.064
2026-01-11 08:00:00,2.62,27.9,64.0,6.0,8,6,1,0,0.866,-0.5,0.193
2026-01-11 09:00:00,2.29,28.4,58.0,6.0,9,6,1,0,0.7071,-0.7071,0.236
2026-01-11 10:00:00,1.79,28.6,57.0,6.0,10,6,1,0,0.5,-0.866,0.259
2026-01-11 11:00:00,1.36,28.2,60.0,6.0,11,6,1,0,0.2588,-0.9659,0.225
2026-01-11 12:00:00,1.33,30.3,58.0,6.0,12,6,1,0,0.0,-1.0,0.425
2026-01-11 13:00:00,1.33,29.2,62.0,6.0,13,6,1,0,-0.2588,-0.9659,0.318
2026-01-11 14:00:00,1.58,29.7,55.0,6.0,14,6,1,0,-0.5,-0.866,0.37
2026-01-11 15:00:00,1.03,27.3,68.0,6.0,15,6,1,0,-0.7071,-0.7071,0.129
2026-01-11 16:00:00,1.65,27.0,64.0,6.0,16,6,1,0,-0.866,-0.5,0.099
2026-01-11 17:00:00,2.5,25.8,71.0,6.0,17,6,1,0,-0.9659,-0.2588,0.015
2026-01-11 18:00:00,3.14,25.2,63.0,8.5,18,6,1,1,-1.0,-0.0,0.082
2026-01-11 19:00:00,3.67,23.6,72.0,8.5,19,6,1,1,-0.9659,0.2588,0.238
2026-01-11 20:00:00,3.07,23.2,68.0,8.5,20,6,1,1,-0.866,0.5,0.28
2026-01-11 21:00:00,2.51,22.1,76.0,8.5,21,6,1,1,-0.7071,0.7071,0.392
2026-01-11 22:00:00,1.85,22.6,71.0,4.5,22,6,1,0,-0.5,0.866,0.339
2026-01-11 23:00:00,1.24,20.6,76.0,4.5,23,6,1,0,-0.2588,0.9659,0.539
2026-01-12 00:00:00,0.69,20.8,75.0,4.5,0,0,0,0,0.0,1.0,0.52
2026-01-12 01:00:00,0.97,22.3,72.0,4.5,1,0,0,0,0.2588,0.9659,0.374
2026-01-12 02:00:00,0.82,22.9,75.0,4.5,2,0,0,0,0.5,0.866,0.314
2026-01-12 03:00:00,0.68,22.7,71.0,4.5,3,0,0,0,0.7071,0.7071,0.33
2026-01-12 04:00:00,0.85,22.6,71.0,4.5,4,0,0,0,0.866,0.5,0.337
2026-01-12 05:00:00,1.0,25.3,65.0,4.5,5,0,0,0,0.9659,0.2588,0.072
2026-01-12 06:00:00,1.35,24.9,71.0,6.0,6,0,0,0,1.0,0.0,0.115
2026-01-12 07:00:00,2.0,26.4,60.0,6.0,7,0,0,0,0.9659,-0.2588,0.035
2026-01-12 08:00:00,2.39,26.6,67.0,6.0,8,0,0,0,0.866,-0.5,0.057
2026-01-12 09:00:00,2.12,27.4,63.0,6.0,9,0,0,0,0.7071,-0.7071,0.137
2026-01-12 10:00:00,1.55,29.6,63.0,6.0,10,0,0,0,0.5,-0.866,0.362
2026-01-12 11:00:00,1.33,29.1,62.0,6.0,11,0,0,0,0.2588,-0.9659,0.314
2026-01-12 12:00:00,1.17,28.9,57.0,6.0,12,0,0,0,0.0,-1.0,0.293
2026-01-12 13:00:00,1.04,28.4,59.0,6.0,13,0,0,0,-0.2588,-0.9659,0.236
2026-01-12 14:00:00,0.99,28.5,64.0,6.0,14,0,0,0,-0.5,-0.866,0.249
2026-01-12 15:00:00,0.85,27.5,61.0,6.0,15,0,0,0,-0.7071,-0.7071,0.15
2026-01-12 16:00:00,1.56,28.3,62.0,6.0,16,0,0,0,-0.866,-0.5,0.235
2026-01-12 17:00:00,2.35,27.1,65.0,6.0,17,0,0,0,-0.9659,-0.2588,0.106
2026-01-12 18:00:00,3.01,25.6,63.0,8.5,18,0,0,1,-1.0,-0.0,0.043
2026-01-12 19:00:00,3.42,24.8,65.0,8.5,19,0,0,1,-0.9659,0.2588,0.119
2026-01-12 20:00:00,2.89,22.9,75.0,8.5,20,0,0,1,-0.866,0.5,0.306
2026-01-12 21:00:00,1.99,23.2,67.0,8.5,21,0,0,1,-0.7071,0.7071,0.281
2026-01-12 22:00:00,1.42,21.2,71.0,4.5,22,0,0,0,-0.5,0.866,0.48
2026-01-12 23:00:00,0.96,22.0,70.0,4.5,23,0,0,0,-0.2588,0.9659,0.396
2026-01-13 00:00:00,0.85,22.2,70.0,4.5,0,1,0,0,0.0,1.0,0.377
2026-01-13 01:00:00,0.9,21.7,76.0,4.5,1,1,0,0,0.2588,0.9659,0.434
2026-01-13 02:00:00,0.71,21.2,73.0,4.5,2,1,0,0,0.5,0.866,0.484
2026-01-13 03:00:00,0.67,23.0,72.0,4.5,3,1,0,0,0.7071,0.7071,0.301
2026-01-13 04:00:00,0.65,22.7,77.0,4.5,4,1,0,0,0.866,0.5,0.333
2026-01-13 05:00:00,0.91,25.1,68.0,4.5,5,1,0,0,0.9659,0.2588,0.089
2026-01-13 06:00:00,1.37,25.0,70.0,6.0,6,1,0,0,1.0,0.0,0.096
2026-01-13 07:00:00,1.98,26.7,66.0,6.0,7,1,0,0,0.9659,-0.2588,0.07
2026-01-13 08:00:00,2.2,27.1,67.0,6.0,8,1,0,0,0.866,-0.5,0.106
2026-01-13 09:00:00,2.14,27.8,63.0,6.0,9,1,0,0,0.7071,-0.7071,0.18
2026-01-13 10:00:00,1.73,29.6,54.0,6.0,10,1,0,0,0.5,-0.866,0.364
2026-01-13 11:00:00,0.99,28.5,57.0,6.0,11,1,0,0,0.2588,-0.9659,0.254
2026-01-13 12:00:00,1.19,28.7,61.0,6.0,12,1,0,0,0.0,-1.0,0.271
2026-01-13 13:00:00,1.21,28.7,63.0,6.0,13,1,0,0,-0.2588,-0.9659,0.274
2026-01-13 14:00:00,1.1,28.6,60.0,6.0,14,1,0,0,-0.5,-0.866,0.255
2026-01-13 15:00:00,0.99,28.2,62.0,6.0,15,1,0,0,-0.7071,-0.7071,0.222
2026-01-13 16:00:00,1.36,27.7,62.0,6.0,16,1,0,0,-0.866,-0.5,0.169
2026-01-13 17:00:00,2.15,27.1,67.0,6.0,17,1,0,0,-0.9659,-0.2588,0.109
2026-01-13 18:00:00,2.82,24.6,73.0,8.5,18,1,0,1,-1.0,-0.0,0.136
2026-01-13 19:00:00,3.32,23.9,72.0,8.5,19,1,0,1,-0.9659,0.2588,0.215
2026-01-13 20:00:00,2.81,22.5,76.0,8.5,20,1,0,1,-0.866,0.5,0.348
2026-01-13 21:00:00,1.98,21.7,72.0,8.5,21,1,0,1,-0.7071,0.7071,0.433
2026-01-13 22:00:00,1.36,21.3,79.0,4.5,22,1,0,0,-0.5,0.866,0.475
2026-01-13 23:00:00,1.04,21.2,78.0,4.5,23,1,0,0,-0.2588,0.9659,0.481
2026-01-14 00:00:00,0.8,20.5,80.0,4.5,0,2,0,0,0.0,1.0,0.552
2026-01-14 01:00:00,0.82,21.9,76.0,4.5,1,2,0,0,0.2588,0.9659,0.408
2026-01-14 02:00:00,0.68,21.1,77.0,4.5,2,2,0,0,0.5,0.866,0.494
2026-01-14 03:00:00,0.88,22.8,68.0,4.5,3,2,0,0,0.7071,0.7071,0.322
2026-01-14 04:00:00,0.96,23.6,69.0,4.5,4,2,0,0,0.866,0.5,0.239
2026-01-14 05:00:00,0.97,23.7,68.0,4.5,5,2,0,0,0.9659,0.2588,0.226
2026-01-14 06:00:00,1.29,26.3,68.0,6.0,6,2,0,0,1.0,0.0,0.027
2026-01-14 07:00:00,1.88,26.6,65.0,6.0,7,2,0,0,0.9659,-0.2588,0.059
2026-01-14 08:00:00,2.3,26.8,65.0,6.0,8,2,0,0,0.866,-0.5,0.085
2026-01-14 09:00:00,1.97,27.9,60.0,6.0,9,2,0,0,0.7071,-0.7071,0.193
2026-01-14 10:00:00,1.59,28.5,56.0,6.0,10,2,0,0,0.5,-0.866,0.248
2026-01-14 11:00:00,1.21,29.6,59.0,6.0,11,2,0,0,0.2588,-0.9659,0.361
2026-01-14 12:00:00,1.15,28.8,56.0,6.0,12,2,0,0,0.0,-1.0,0.281
2026-01-14 13:00:00,0.98,29.8,62.0,6.0,13,2,0,0,-0.2588,-0.9659,0.379
2026-01-14 14:00:00,1.18,29.0,62.0,6.0,14,2,0,0,-0.5,-0.866,0.305
2026-01-14 15:00:00,1.14,28.6,65.0,6.0,15,2,0,0,-0.7071,-0.7071,0.262
2026-01-14 16:00:00,1.5,27.2,59.0,6.0,16,2,0,0,-0.866,-0.5,0.117
2026-01-14 17:00:00,2.03,26.6,69.0,6.0,17,2,0,0,-0.9659,-0.2588,0.061
2026-01-14 18:00:00,2.8,25.5,65.0,8.5,18,2,0,1,-1.0,-0.0,0.053
2026-01-14 19:00:00,3.3,23.8,69.0,8.5,19,2,0,1,-0.9659,0.2588,0.223
2026-01-14 20:00:00,2.9,23.9,72.0,8.5,20,2,0,1,-0.866,0.5,0.212
2026-01-14 21:00:00,2.25,22.4,76.0,8.5,21,2,0,1,-0.7071,0.7071,0.36
2026-01-14 22:00:00,1.48,21.9,75.0,4.5,22,2,0,0,-0.5,0.866,0.406
2026-01-14 23:00:00,0.8,21.9,79.0,4.5,23,2,0,0,-0.2588,0.9659,0.409
2026-01-15 00:00:00,0.61,20.7,72.0,4.5,0,3,0,0,0.0,1.0,0.531
2026-01-15 01:00:00,0.71,20.7,72.0,4.5,1,3,0,0,0.2588,0.9659,0.529
2026-01-15 02:00:00,0.89,21.0,75.0,4.5,2,3,0,0,0.5,0.866,0.499
2026-01-15 03:00:00,0.75,23.6,67.0,4.5,3,3,0,0,0.7071,0.7071,0.243
2026-01-15 04:00:00,0.9,23.8,75.0,4.5,4,3,0,0,0.866,0.5,0.223
2026-01-15 05:00:00,1.02,24.2,67.0,4.5,5,3,0,0,0.9659,0.2588,0.181
2026-01-15 06:00:00,1.2,25.1,63.0,6.0,6,3,0,0,1.0,0.0,0.093
2026-01-15 07:00:00,2.14,25.8,66.0,6.0,7,3,0,0,0.9659,-0.2588,0.02
2026-01-15 08:00:00,2.34,28.4,65.0,6.0,8,3,0,0,0.866,-0.5,0.244
2026-01-15 09:00:00,2.29,28.6,65.0,6.0,9,3,0,0,0.7071,-0.7071,0.258
2026-01-15 10:00:00,1.52,29.7,63.0,6.0,10,3,0,0,0.5,-0.866,0.37
2026-01-15 11:00:00,1.15,28.6,63.0,6.0,11,3,0,0,0.2588,-0.9659,0.257
2026-01-15 12:00:00,1.05,30.3,59.0,6.0,12,3,0,0,0.0,-1.0,0.425
2026-01-15 13:00:00,0.82,28.4,62.0,6.0,13,3,0,0,-0.2588,-0.9659,0.239
2026-01-15 14:00:00,1.03,29.3,57.0,6.0,14,3,0,0,-0.5,-0.866,0.333
2026-01-15 15:00:00,0.94,28.1,57.0,6.0,15,3,0,0,-0.7071,-0.7071,0.206
2026-01-15 16:00:00,1.28,27.4,60.0,6.0,16,3,0,0,-0.866,-0.5,0.141
2026-01-15 17:00:00,2.37,27.3,65.0,6.0,17,3,0,0,-0.9659,-0.2588,0.131
2026-01-15 18:00:00,3.02,26.2,68.0,8.5,18,3,0,1,-1.0,-0.0,0.023
2026-01-15 19:00:00,3.37,23.8,68.0,8.5,19,3,0,1,-0.9659,0.2588,0.215
2026-01-15 20:00:00,2.99,24.4,66.0,8.5,20,3,0,1,-0.866,0.5,0.16
2026-01-15 21:00:00,1.9,23.3,76.0,8.5,21,3,0,1,-0.7071,0.7071,0.273
2026-01-15 22:00:00,1.38,22.1,77.0,4.5,22,3,0,0,-0.5,0.866,0.386
2026-01-15 23:00:00,1.06,22.0,77.0,4.5,23,3,0,0,-0.2588,0.9659,0.398
2026-01-16 00:00:00,0.64,22.0,72.0,4.5,0,4,0,0,0.0,1.0,0.4
2026-01-16 01:00:00,0.82,21.4,78.0,4.5,1,4,0,0,0.2588,0.9659,0.462
2026-01-16 02:00:00,0.89,21.8,78.0,4.5,2,4,0,0,0.5,0.866,0.421
2026-01-16 03:00:00,0.86,22.8,71.0,4.5,3,4,0,0,0.7071,0.7071,0.324
2026-01-16 04:00:00,0.75,23.3,72.0,4.5,4,4,0,0,0.866,0.5,0.268
2026-01-16 05:00:00,0.82,25.4,70.0,4.5,5,4,0,0,0.9659,0.2588,0.056
2026-01-16 06:00:00,1.42,25.9,70.0,6.0,6,4,0,0,1.0,0.0,0.014
2026-01-16 07:00:00,1.83,26.4,70.0,6.0,7,4,0,0,0.9659,-0.2588,0.036
2026-01-16 08:00:00,2.55,27.0,60.0,6.0,8,4,0,0,0.866,-0.5,0.102
2026-01-16 09:00:00,2.19,28.6,60.0,6.0,9,4,0,0,0.7071,-0.7071,0.263
2026-01-16 10:00:00,1.56,29.3,63.0,6.0,10,4,0,0,0.5,-0.866,0.334
2026-01-16 11:00:00,1.15,30.2,62.0,6.0,11,4,0,0,0.2588,-0.9659,0.421
2026-01-16 12:00:00,1.15,29.2,61.0,6.0,12,4,0,0,0.0,-1.0,0.319
2026-01-16 13:00:00,1.32,30.1,59.0,6.0,13,4,0,0,-0.2588,-0.9659,0.408
2026-01-16 14:00:00,1.04,29.6,62.0,6.0,14,4,0,0,-0.5,-0.866,0.356
2026-01-16 15:00:00,1.24,29.0,64.0,6.0,15,4,0,0,-0.7071,-0.7071,0.299
2026-01-16 16:00:00,1.52,27.6,63.0,6.0,16,4,0,0,-0.866,-0.5,0.16
2026-01-16 17:00:00,2.26,26.1,66.0,6.0,17,4,0,0,-0.9659,-0.2588,0.006
2026-01-16 18:00:00,3.03,26.0,68.0,8.5,18,4,0,1,-1.0,-0.0,0.001
2026-01-16 19:00:00,3.43,24.5,67.0,8.5,19,4,0,1,-0.9659,0.2588,0.155
2026-01-16 20:00:00,2.93,23.3,76.0,8.5,20,4,0,1,-0.866,0.5,0.274
2026-01-16 21:00:00,2.02,23.3,69.0,8.5,21,4,0,1,-0.7071,0.7071,0.268
2026-01-16 22:00:00,1.2,21.9,77.0,4.5,22,4,0,0,-0.5,0.866,0.414
2026-01-16 23:00:00,1.11,21.9,74.0,4.5,23,4,0,0,-0.2588,0.9659,0.407
2026-01-17 00:00:00,0.9,22.3,70.0,4.5,0,5,1,0,0.0,1.0,0.367
2026-01-17 01:00:00,0.94,22.3,74.0,4.5,1,5,1,0,0.2588,0.9659,0.373
2026-01-17 02:00:00,1.28,21.4,71.0,4.5,2,5,1,0,0.5,0.866,0.463
2026-01-17 03:00:00,1.23,22.2,73.0,4.5,3,5,1,0,0.7071,0.7071,0.38
2026-01-17 04:00:00,1.23,23.6,67.0,4.5,4,5,1,0,0.866,0.5,0.237
2026-01-17 05:00:00,1.11,23.6,66.0,4.5,5,5,1,0,0.9659,0.2588,0.244
2026-01-17 06:00:00,1.48,24.9,71.0,6.0,6,5,1,0,1.0,0.0,0.108
2026-01-17 07:00:00,2.24,26.1,70.0,6.0,7,5,1,0,0.9659,-0.2588,0.009
2026-01-17 08:00:00,2.78,27.3,63.0,6.0,8,5,1,0,0.866,-0.5,0.126
2026-01-17 09:00:00,2.31,28.0,61.0,6.0,9,5,1,0,0.7071,-0.7071,0.197
2026-01-17 10:00:00,1.87,28.9,61.0,6.0,10,5,1,0,0.5,-0.866,0.287
2026-01-17 11:00:00,1.55,29.6,54.0,6.0,11,5,1,0,0.2588,-0.9659,0.364
2026-01-17 12:00:00,1.12,28.6,59.0,6.0,12,5,1,0,0.0,-1.0,0.261
2026-01-17 13:00:00,1.36,29.8,62.0,6.0,13,5,1,0,-0.2588,-0.9659,0.381
2026-01-17 14:00:00,1.42,29.1,56.0,6.0,14,5,1,0,-0.5,-0.866,0.309
2026-01-17 15:00:00,1.5,28.6,59.0,6.0,15,5,1,0,-0.7071,-0.7071,0.261
2026-01-17 16:00:00,1.6,27.5,58.0,6.0,16,5,1,0,-0.866,-0.5,0.152
2026-01-17 17:00:00,2.42,26.6,69.0,6.0,17,5,1,0,-0.9659,-0.2588,0.055
2026-01-17 18:00:00,3.31,25.6,63.0,8.5,18,5,1,1,-1.0,-0.0,0.037
2026-01-17 19:00:00,3.58,24.9,72.0,8.5,19,5,1,1,-0.9659,0.2588,0.106
2026-01-17 20:00:00,3.41,24.0,67.0,8.5,20,5,1,1,-0.866,0.5,0.196
2026-01-17 21:00:00,2.49,21.8,73.0,8.5,21,5,1,1,-0.7071,0.7071,0.422
2026-01-17 22:00:00,1.62,22.8,70.0,4.5,22,5,1,0,-0.5,0.866,0.321
2026-01-17 23:00:00,1.42,20.7,73.0,4.5,23,5,1,0,-0.2588,0.9659,0.53
2026-01-18 00:00:00,1.08,22.1,78.0,4.5,0,6,1,0,0.0,1.0,0.386
2026-01-18 01:00:00,1.18,21.7,74.0,4.5,1,6,1,0,0.2588,0.9659,0.428
2026-01-18 02:00:00,1.16,21.9,78.0,4.5,2,6,1,0,0.5,0.866,0.411
2026-01-18 03:00:00,1.18,21.8,75.0,4.5,3,6,1,0,0.7071,0.7071,0.415
2026-01-18 04:00:00,1.02,23.6,75.0,4.5,4,6,1,0,0.866,0.5,0.244
2026-01-18 05:00:00,1.19,23.9,68.0,4.5,5,6,1,0,0.9659,0.2588,0.213
2026-01-18 06:00:00,1.79,24.8,65.0,6.0,6,6,1,0,1.0,0.0,0.12
2026-01-18 07:00:00,2.07,26.0,66.0,6.0,7,6,1,0,0.9659,-0.2588,0.001
2026-01-18 08:00:00,2.93,28.1,65.0,6.0,8,6,1,0,0.866,-0.5,0.213
2026-01-18 09:00:00,2.38,29.0,56.0,6.0,9,6,1,0,0.7071,-0.7071,0.295
2026-01-18 10:00:00,2.01,28.7,62.0,6.0,10,6,1,0,0.5,-0.866,0.272
2026-01-18 11:00:00,1.57,28.9,60.0,6.0,11,6,1,0,0.2588,-0.9659,0.29
2026-01-18 12:00:00,1.31,30.4,53.0,6.0,12,6,1,0,0.0,-1.0,0.44
2026-01-18 13:00:00,1.44,29.9,63.0,6.0,13,6,1,0,-0.2588,-0.9659,0.392
2026-01-18 14:00:00,1.41,28.9,59.0,6.0,14,6,1,0,-0.5,-0.866,0.292
2026-01-18 15:00:00,1.29,27.4,63.0,6.0,15,6,1,0,-0.7071,-0.7071,0.145
2026-01-18 16:00:00,1.8,27.8,58.0,6.0,16,6,1,0,-0.866,-0.5,0.185
2026-01-18 17:00:00,2.37,26.2,66.0,6.0,17,6,1,0,-0.9659,-0.2588,0.017
2026-01-18 18:00:00,3.4,24.7,66.0,8.5,18,6,1,1,-1.0,-0.0,0.129
2026-01-18 19:00:00,3.77,24.3,68.0,8.5,19,6,1,1,-0.9659,0.2588,0.174
2026-01-18 20:00:00,3.06,24.4,73.0,8.5,20,6,1,1,-0.866,0.5,0.161
2026-01-18 21:00:00,2.45,22.1,75.0,8.5,21,6,1,1,-0.7071,0.7071,0.393
2026-01-18 22:00:00,1.61,22.0,79.0,4.5,22,6,1,0,-0.5,0.866,0.399
2026-01-18 23:00:00,1.39,21.2,71.0,4.5,23,6,1,0,-0.2588,0.9659,0.476
2026-01-19 00:00:00,0.82,21.0,75.0,4.5,0,0,0,0,0.0,1.0,0.502
2026-01-19 01:00:00,0.65,21.2,72.0,4.5,1,0,0,0,0.2588,0.9659,0.479
2026-01-19 02:00:00,0.62,22.5,68.0,4.5,2,0,0,0,0.5,0.866,0.345
2026-01-19 03:00:00,0.87,23.4,67.0,4.5,3,0,0,0,0.7071,0.7071,0.264
2026-01-19 04:00:00,0.95,23.8,66.0,4.5,4,0,0,0,0.866,0.5,0.222
2026-01-19 05:00:00,1.1,23.8,75.0,4.5,5,0,0,0,0.9659,0.2588,0.215
2026-01-19 06:00:00,1.36,26.2,62.0,6.0,6,0,0,0,1.0,0.0,0.021
2026-01-19 07:00:00,1.97,26.6,61.0,6.0,7,0,0,0,0.9659,-0.2588,0.06
2026-01-19 08:00:00,2.57,27.9,63.0,6.0,8,0,0,0,0.866,-0.5,0.188
2026-01-19 09:00:00,2.11,27.7,59.0,6.0,9,0,0,0,0.7071,-0.7071,0.173
2026-01-19 10:00:00,1.66,29.8,54.0,6.0,10,0,0,0,0.5,-0.866,0.38
2026-01-19 11:00:00,1.21,30.4,58.0,6.0,11,0,0,0,0.2588,-0.9659,0.445
2026-01-19 12:00:00,1.07,30.1,61.0,6.0,12,0,0,0,0.0,-1.0,0.412
2026-01-19 13:00:00,0.86,28.9,58.0,6.0,13,0,0,0,-0.2588,-0.9659,0.292
2026-01-19 14:00:00,1.15,28.9,64.0,6.0,14,0,0,0,-0.5,-0.866,0.294
2026-01-19 15:00:00,1.09,27.5,65.0,6.0,15,0,0,0,-0.7071,-0.7071,0.149
2026-01-19 16:00:00,1.62,27.4,64.0,6.0,16,0,0,0,-0.866,-0.5,0.139
2026-01-19 17:00:00,2.22,27.1,60.0,6.0,17,0,0,0,-0.9659,-0.2588,0.114
2026-01-19 18:00:00,2.99,26.2,70.0,8.5,18,0,0,1,-1.0,-0.0,0.019
2026-01-19 19:00:00,3.34,25.1,64.0,8.5,19,0,0,1,-0.9659,0.2588,0.091
2026-01-19 20:00:00,2.89,23.2,74.0,8.5,20,0,0,1,-0.866,0.5,0.281
2026-01-19 21:00:00,1.92,21.8,70.0,8.5,21,0,0,1,-0.7071,0.7071,0.416
2026-01-19 22:00:00,1.41,22.9,69.0,4.5,22,0,0,0,-0.5,0.866,0.307
2026-01-19 23:00:00,0.96,21.5,74.0,4.5,23,0,0,0,-0.2588,0.9659,0.451
2026-01-20 00:00:00,0.72,22.3,78.0,4.5,0,1,0,0,0.0,1.0,0.374
2026-01-20 01:00:00,0.72,21.8,73.0,4.5,1,1,0,0,0.2588,0.9659,0.415
2026-01-20 02:00:00,0.75,23.1,72.0,4.5,2,1,0,0,0.5,0.866,0.292
2026-01-20 03:00:00,0.88,23.6,73.0,4.5,3,1,0,0,0.7071,0.7071,0.244
2026-01-20 04:00:00,0.86,24.5,70.0,4.5,4,1,0,0,0.866,0.5,0.151
2026-01-20 05:00:00,0.79,24.8,68.0,4.5,5,1,0,0,0.9659,0.2588,0.124
2026-01-20 06:00:00,1.36,25.6,65.0,6.0,6,1,0,0,1.0,0.0,0.038
2026-01-20 07:00:00,1.95,26.9,62.0,6.0,7,1,0,0,0.9659,-0.2588,0.094
2026-01-20 08:00:00,2.4,27.2,62.0,6.0,8,1,0,0,0.866,-0.5,0.119
2026-01-20 09:00:00,2.3,28.1,66.0,6.0,9,1,0,0,0.7071,-0.7071,0.21
2026-01-20 10:00:00,1.53,29.2,58.0,6.0,10,1,0,0,0.5,-0.866,0.324
2026-01-20 11:00:00,1.26,30.2,58.0,6.0,11,1,0,0,0.2588,-0.9659,0.416
2026-01-20 12:00:00,1.12,29.2,59.0,6.0,12,1,0,0,0.0,-1.0,0.317
2026-01-20 13:00:00,0.98,30.0,62.0,6.0,13,1,0,0,-0.2588,-0.9659,0.404
2026-01-20 14:00:00,1.17,29.6,57.0,6.0,14,1,0,0,-0.5,-0.866,0.365
2026-01-20 15:00:00,0.9,28.2,62.0,6.0,15,1,0,0,-0.7071,-0.7071,0.219
2026-01-20 16:00:00,1.41,28.2,62.0,6.0,16,1,0,0,-0.866,-0.5,0.224
2026-01-20 17:00:00,2.23,27.1,68.0,6.0,17,1,0,0,-0.9659,-0.2588,0.113
2026-01-20 18:00:00,3.05,25.1,71.0,8.5,18,1,0,1,-1.0,-0.0,0.095
2026-01-20 19:00:00,3.3,24.0,72.0,8.5,19,1,0,1,-0.9659,0.2588,0.203
2026-01-20 20:00:00,2.82,23.1,72.0,8.5,20,1,0,1,-0.866,0.5,0.287
2026-01-20 21:00:00,1.94,23.0,72.0,8.5,21,1,0,1,-0.7071,0.7071,0.305
2026-01-20 22:00:00,1.54,22.4,71.0,4.5,22,1,0,0,-0.5,0.866,0.361
2026-01-20 23:00:00,0.78,22.4,78.0,4.5,23,1,0,0,-0.2588,0.9659,0.359
2026-01-21 00:00:00,0.97,21.1,80.0,4.5,0,2,0,0,0.0,1.0,0.495
2026-01-21 01:00:00,0.83,21.7,79.0,4.5,1,2,0,0,0.2588,0.9659,0.428
2026-01-21 02:00:00,0.68,21.8,75.0,4.5,2,2,0,0,0.5,0.866,0.423
2026-01-21 03:00:00,0.99,21.9,73.0,4.5,3,2,0,0,0.7071,0.7071,0.405
2026-01-21 04:00:00,0.75,23.9,70.0,4.5,4,2,0,0,0.866,0.5,0.213
2026-01-21 05:00:00,0.9,23.9,67.0,4.5,5,2,0,0,0.9659,0.2588,0.212
2026-01-21 06:00:00,1.51,26.3,61.0,6.0,6,2,0,0,1.0,0.0,0.028
2026-01-21 07:00:00,1.9,26.3,66.0,6.0,7,2,0,0,0.9659,-0.2588,0.027
2026-01-21 08:00:00,2.55,28.2,66.0,6.0,8,2,0,0,0.866,-0.5,0.224
2026-01-21 09:00:00,2.15,27.9,66.0,6.0,9,2,0,0,0.7071,-0.7071,0.191
2026-01-21 10:00:00,1.57,28.2,60.0,6.0,10,2,0,0,0.5,-0.866,0.216
2026-01-21 11:00:00,1.1,29.1,59.0,6.0,11,2,0,0,0.2588,-0.9659,0.309
2026-01-21 12:00:00,1.02,29.9,59.0,6.0,12,2,0,0,0.0,-1.0,0.391
2026-01-21 13:00:00,0.95,29.6,62.0,6.0,13,2,0,0,-0.2588,-0.9659,0.364
2026-01-21 14:00:00,0.95,29.2,58.0,6.0,14,2,0,0,-0.5,-0.866,0.325
2026-01-21 15:00:00,0.93,29.1,63.0,6.0,15,2,0,0,-0.7071,-0.7071,0.311
2026-01-21 16:00:00,1.35,27.9,67.0,6.0,16,2,0,0,-0.866,-0.5,0.191
2026-01-21 17:00:00,2.09,27.2,68.0,6.0,17,2,0,0,-0.9659,-0.2588,0.119
2026-01-21 18:00:00,3.05,25.6,63.0,8.5,18,2,0,1,-1.0,-0.0,0.035
2026-01-21 19:00:00,3.17,24.1,69.0,8.5,19,2,0,1,-0.9659,0.2588,0.192
2026-01-21 20:00:00,2.76,23.0,69.0,8.5,20,2,0,1,-0.866,0.5,0.298
2026-01-21 21:00:00,2.12,22.3,71.0,8.5,21,2,0,1,-0.7071,0.7071,0.368
2026-01-21 22:00:00,1.24,22.4,72.0,4.5,22,2,0,0,-0.5,0.866,0.359
2026-01-21 23:00:00,1.06,21.0,72.0,4.5,23,2,0,0,-0.2588,0.9659,0.499
2026-01-22 00:00:00,0.75,21.6,77.0,4.5,0,3,0,0,0.0,1.0,0.441
2026-01-22 01:00:00,0.82,22.1,73.0,4.5,1,3,0,0,0.2588,0.9659,0.393
2026-01-22 02:00:00,0.8,21.8,78.0,4.5,2,3,0,0,0.5,0.866,0.421
2026-01-22 03:00:00,0.73,23.5,71.0,4.5,3,3,0,0,0.7071,0.7071,0.254
2026-01-22 04:00:00,0.94,23.7,72.0,4.5,4,3,0,0,0.866,0.5,0.229
2026-01-22 05:00:00,1.04,24.9,67.0,4.5,5,3,0,0,0.9659,0.2588,0.111
2026-01-22 06:00:00,1.3,25.9,68.0,6.0,6,3,0,0,1.0,0.0,0.009
2026-01-22 07:00:00,2.0,27.3,60.0,6.0,7,3,0,0,0.9659,-0.2588,0.132
2026-01-22 08:00:00,2.34,27.5,60.0,6.0,8,3,0,0,0.866,-0.5,0.152
2026-01-22 09:00:00,2.12,28.0,63.0,6.0,9,3,0,0,0.7071,-0.7071,0.2
2026-01-22 10:00:00,1.43,28.2,66.0,6.0,10,3,0,0,0.5,-0.866,0.222
2026-01-22 11:00:00,1.4,30.0,58.0,6.0,11,3,0,0,0.2588,-0.9659,0.397
2026-01-22 12:00:00,1.03,29.5,57.0,6.0,12,3,0,0,0.0,-1.0,0.349
2026-01-22 13:00:00,1.25,29.6,61.0,6.0,13,3,0,0,-0.2588,-0.9659,0.355
2026-01-22 14:00:00,0.88,28.4,59.0,6.0,14,3,0,0,-0.5,-0.866,0.235
2026-01-22 15:00:00,0.97,28.3,66.0,6.0,15,3,0,0,-0.7071,-0.7071,0.227
2026-01-22 16:00:00,1.5,27.0,67.0,6.0,16,3,0,0,-0.866,-0.5,0.104
2026-01-22 17:00:00,2.3,26.9,67.0,6.0,17,3,0,0,-0.9659,-0.2588,0.094
2026-01-22 18:00:00,3.07,26.7,63.0,8.5,18,3,0,1,-1.0,-0.0,0.067
2026-01-22 19:00:00,3.14,23.9,74.0,8.5,19,3,0,1,-0.9659,0.2588,0.215
2026-01-22 20:00:00,2.75,24.1,65.0,8.5,20,3,0,1,-0.866,0.5,0.19
2026-01-22 21:00:00,2.0,23.7,70.0,8.5,21,3,0,1,-0.7071,0.7071,0.226
2026-01-22 22:00:00,1.52,23.0,70.0,4.5,22,3,0,0,-0.5,0.866,0.304
2026-01-22 23:00:00,0.98,21.3,74.0,4.5,23,3,0,0,-0.2588,0.9659,0.47
2026-01-23 00:00:00,0.62,21.2,72.0,4.5,0,4,0,0,0.0,1.0,0.48
2026-01-23 01:00:00,0.98,22.2,76.0,4.5,1,4,0,0,0.2588,0.9659,0.382
2026-01-23 02:00:00,0.82,23.2,68.0,4.5,2,4,0,0,0.5,0.866,0.284
2026-01-23 03:00:00,0.69,23.8,74.0,4.5,3,4,0,0,0.7071,0.7071,0.22
2026-01-23 04:00:00,0.89,24.4,66.0,4.5,4,4,0,0,0.866,0.5,0.165
2026-01-23 05:00:00,1.09,23.8,66.0,4.5,5,4,0,0,0.9659,0.2588,0.216
2026-01-23 06:00:00,1.34,25.1,64.0,6.0,6,4,0,0,1.0,0.0,0.09
2026-01-23 07:00:00,1.93,27.3,66.0,6.0,7,4,0,0,0.9659,-0.2588,0.13
2026-01-23 08:00:00,2.31,28.6,58.0,6.0,8,4,0,0,0.866,-0.5,0.26
2026-01-23 09:00:00,2.24,29.3,62.0,6.0,9,4,0,0,0.7071,-0.7071,0.328
2026-01-23 10:00:00,1.35,28.2,62.0,6.0,10,4,0,0,0.5,-0.866,0.224
2026-01-23 11:00:00,1.05,28.9,56.0,6.0,11,4,0,0,0.2588,-0.9659,0.287
2026-01-23 12:00:00,1.17,29.0,64.0,6.0,12,4,0,0,0.0,-1.0,0.3
2026-01-23 13:00:00,1.0,29.8,56.0,6.0,13,4,0,0,-0.2588,-0.9659,0.375
2026-01-23 14:00:00,0.9,28.6,57.0,6.0,14,4,0,0,-0.5,-0.866,0.255
2026-01-23 15:00:00,0.85,28.8,63.0,6.0,15,4,0,0,-0.7071,-0.7071,0.285
2026-01-23 16:00:00,1.46,27.5,58.0,6.0,16,4,0,0,-0.866,-0.5,0.149
2026-01-23 17:00:00,2.15,27.4,65.0,6.0,17,4,0,0,-0.9659,-0.2588,0.137
2026-01-23 18:00:00,2.93,25.8,65.0,8.5,18,4,0,1,-1.0,-0.0,0.018
2026-01-23 19:00:00,3.24,25.6,71.0,8.5,19,4,0,1,-0.9659,0.2588,0.037
2026-01-23 20:00:00,3.02,24.0,72.0,8.5,20,4,0,1,-0.866,0.5,0.205
2026-01-23 21:00:00,2.05,23.4,71.0,8.5,21,4,0,1,-0.7071,0.7071,0.259
2026-01-23 22:00:00,1.48,22.3,73.0,4.5,22,4,0,0,-0.5,0.866,0.372
2026-01-23 23:00:00,0.92,21.3,76.0,4.5,23,4,0,0,-0.2588,0.9659,0.471
2026-01-24 00:00:00,1.06,21.4,76.0,4.5,0,5,1,0,0.0,1.0,0.463
2026-01-24 01:00:00,1.03,21.7,73.0,4.5,1,5,1,0,0.2588,0.9659,0.434
2026-01-24 02:00:00,1.07,21.7,70.0,4.5,2,5,1,0,0.5,0.866,0.43
2026-01-24 03:00:00,1.25,23.2,68.0,4.5,3,5,1,0,0.7071,0.7071,0.278
2026-01-24 04:00:00,1.16,24.4,72.0,4.5,4,5,1,0,0.866,0.5,0.165
2026-01-24 05:00:00,1.06,24.3,67.0,4.5,5,5,1,0,0.9659,0.2588,0.166
2026-01-24 06:00:00,1.65,25.2,67.0,6.0,6,5,1,0,1.0,0.0,0.077
2026-01-24 07:00:00,2.48,26.7,64.0,6.0,7,5,1,0,0.9659,-0.2588,0.074
2026-01-24 08:00:00,2.56,27.7,62.0,6.0,8,5,1,0,0.866,-0.5,0.17
2026-01-24 09:00:00,2.72,29.5,63.0,6.0,9,5,1,0,0.7071,-0.7071,0.35
2026-01-24 10:00:00,1.86,28.8,56.0,6.0,10,5,1,0,0.5,-0.866,0.283
2026-01-24 11:00:00,1.5,29.4,61.0,6.0,11,5,1,0,0.2588,-0.9659,0.341
2026-01-24 12:00:00,1.42,30.0,57.0,6.0,12,5,1,0,0.0,-1.0,0.397
2026-01-24 13:00:00,1.53,29.6,63.0,6.0,13,5,1,0,-0.2588,-0.9659,0.359
2026-01-24 14:00:00,1.23,29.2,58.0,6.0,14,5,1,0,-0.5,-0.866,0.319
2026-01-24 15:00:00,1.57,29.4,56.0,6.0,15,5,1,0,-0.7071,-0.7071,0.344
2026-01-24 16:00:00,1.65,27.1,66.0,6.0,16,5,1,0,-0.866,-0.5,0.106
2026-01-24 17:00:00,2.39,25.9,63.0,6.0,17,5,1,0,-0.9659,-0.2588,0.014
2026-01-24 18:00:00,3.34,24.8,67.0,8.5,18,5,1,1,-1.0,-0.0,0.118
2026-01-24 19:00:00,3.51,24.7,70.0,8.5,19,5,1,1,-0.9659,0.2588,0.134
2026-01-24 20:00:00,3.07,22.9,72.0,8.5,20,5,1,1,-0.866,0.5,0.313
2026-01-24 21:00:00,2.49,22.8,72.0,8.5,21,5,1,1,-0.7071,0.7071,0.318
2026-01-24 22:00:00,1.75,21.4,78.0,4.5,22,5,1,0,-0.5,0.866,0.462
2026-01-24 23:00:00,1.46,22.0,70.0,4.5,23,5,1,0,-0.2588,0.9659,0.396
2026-01-25 00:00:00,1.16,22.7,71.0,4.5,0,6,1,0,0.0,1.0,0.333
2026-01-25 01:00:00,1.01,21.8,77.0,4.5,1,6,1,0,0.2588,0.9659,0.418
2026-01-25 02:00:00,0.94,21.6,79.0,4.5,2,6,1,0,0.5,0.866,0.438
2026-01-25 03:00:00,0.92,22.7,71.0,4.5,3,6,1,0,0.7071,0.7071,0.326
2026-01-25 04:00:00,0.98,23.4,76.0,4.5,4,6,1,0,0.866,0.5,0.259
2026-01-25 05:00:00,1.39,24.9,67.0,4.5,5,6,1,0,0.9659,0.2588,0.109
2026-01-25 06:00:00,1.55,25.1,68.0,6.0,6,6,1,0,1.0,0.0,0.089
2026-01-25 07:00:00,2.23,27.7,58.0,6.0,7,6,1,0,0.9659,-0.2588,0.167
2026-01-25 08:00:00,2.79,28.5,59.0,6.0,8,6,1,0,0.866,-0.5,0.252
2026-01-25 09:00:00,2.6,27.8,62.0,6.0,9,6,1,0,0.7071,-0.7071,0.176
2026-01-25 10:00:00,1.81,30.1,58.0,6.0,10,6,1,0,0.5,-0.866,0.412
2026-01-25 11:00:00,1.59,29.6,63.0,6.0,11,6,1,0,0.2588,-0.9659,0.359
2026-01-25 12:00:00,1.66,30.8,60.0,6.0,12,6,1,0,0.0,-1.0,0.476
2026-01-25 13:00:00,1.51,29.2,60.0,6.0,13,6,1,0,-0.2588,-0.9659,0.318
2026-01-25 14:00:00,1.48,29.9,57.0,6.0,14,6,1,0,-0.5,-0.866,0.39
2026-01-25 15:00:00,1.45,28.7,62.0,6.0,15,6,1,0,-0.7071,-0.7071,0.268
2026-01-25 16:00:00,1.94,28.0,64.0,6.0,16,6,1,0,-0.866,-0.5,0.198
2026-01-25 17:00:00,2.62,27.4,61.0,6.0,17,6,1,0,-0.9659,-0.2588,0.139
2026-01-25 18:00:00,3.39,25.7,64.0,8.5,18,6,1,1,-1.0,-0.0,0.033
2026-01-25 19:00:00,3.8,24.4,74.0,8.5,19,6,1,1,-0.9659,0.2588,0.163
2026-01-25 20:00:00,3.34,22.9,73.0,8.5,20,6,1,1,-0.866,0.5,0.309
2026-01-25 21:00:00,2.41,22.5,76.0,8.5,21,6,1,1,-0.7071,0.7071,0.351
2026-01-25 22:00:00,1.84,23.0,69.0,4.5,22,6,1,0,-0.5,0.866,0.297
2026-01-25 23:00:00,1.11,21.9,71.0,4.5,23,6,1,0,-0.2588,0.9659,0.413
2026-01-26 00:00:00,0.9,21.9,73.0,4.5,0,0,0,0,0.0,1.0,0.408
2026-01-26 01:00:00,0.63,21.8,73.0,4.5,1,0,0,0,0.2588,0.9659,0.419
2026-01-26 02:00:00,0.97,21.7,74.0,4.5,2,0,0,0,0.5,0.866,0.43
2026-01-26 03:00:00,0.96,22.1,72.0,4.5,3,0,0,0,0.7071,0.7071,0.386
2026-01-26 04:00:00,0.66,23.7,74.0,4.5,4,0,0,0,0.866,0.5,0.229
2026-01-26 05:00:00,1.13,24.7,64.0,4.5,5,0,0,0,0.9659,0.2588,0.125
2026-01-26 06:00:00,1.5,25.1,65.0,6.0,6,0,0,0,1.0,0.0,0.093
2026-01-26 07:00:00,2.07,26.9,69.0,6.0,7,0,0,0,0.9659,-0.2588,0.085
2026-01-26 08:00:00,2.35,27.6,66.0,6.0,8,0,0,0,0.866,-0.5,0.165
2026-01-26 09:00:00,2.06,28.9,57.0,6.0,9,0,0,0,0.7071,-0.7071,0.288
2026-01-26 10:00:00,1.42,29.0,59.0,6.0,10,0,0,0,0.5,-0.866,0.295
2026-01-26 11:00:00,0.99,28.9,63.0,6.0,11,0,0,0,0.2588,-0.9659,0.286
2026-01-26 12:00:00,0.95,29.9,58.0,6.0,12,0,0,0,0.0,-1.0,0.392
2026-01-26 13:00:00,1.23,30.6,60.0,6.0,13,0,0,0,-0.2588,-0.9659,0.464
2026-01-26 14:00:00,1.01,30.3,52.0,6.0,14,0,0,0,-0.5,-0.866,0.428
2026-01-26 15:00:00,0.9,27.9,67.0,6.0,15,0,0,0,-0.7071,-0.7071,0.193
2026-01-26 16:00:00,1.48,28.2,65.0,6.0,16,0,0,0,-0.866,-0.5,0.221
2026-01-26 17:00:00,2.32,27.0,59.0,6.0,17,0,0,0,-0.9659,-0.2588,0.101
2026-01-26 18:00:00,2.95,25.5,62.0,8.5,18,0,0,1,-1.0,-0.0,0.051
2026-01-26 19:00:00,3.43,25.8,68.0,8.5,19,0,0,1,-0.9659,0.2588,0.022
2026-01-26 20:00:00,2.87,23.2,68.0,8.5,20,0,0,1,-0.866,0.5,0.278
2026-01-26 21:00:00,2.12,24.0,66.0,8.5,21,0,0,1,-0.7071,0.7071,0.201
2026-01-26 22:00:00,1.49,22.6,73.0,4.5,22,0,0,0,-0.5,0.866,0.34
2026-01-26 23:00:00,1.02,21.5,71.0,4.5,23,0,0,0,-0.2588,0.9659,0.446
2026-01-27 00:00:00,0.88,21.4,77.0,4.5,0,1,0,0,0.0,1.0,0.461
2026-01-27 01:00:00,0.88,21.2,77.0,4.5,1,1,0,0,0.2588,0.9659,0.481
2026-01-27 02:00:00,0.87,21.5,79.0,4.5,2,1,0,0,0.5,0.866,0.453
2026-01-27 03:00:00,0.74,23.4,74.0,4.5,3,1,0,0,0.7071,0.7071,0.257
2026-01-27 04:00:00,0.88,23.9,68.0,4.5,4,1,0,0,0.866,0.5,0.212
2026-01-27 05:00:00,0.85,24.6,72.0,4.5,5,1,0,0,0.9659,0.2588,0.137
2026-01-27 06:00:00,1.35,26.8,62.0,6.0,6,1,0,0,1.0,0.0,0.083
2026-01-27 07:00:00,1.86,26.4,62.0,6.0,7,1,0,0,0.9659,-0.2588,0.038
2026-01-27 08:00:00,2.23,27.0,65.0,6.0,8,1,0,0,0.866,-0.5,0.102
2026-01-27 09:00:00,1.98,27.9,62.0,6.0,9,1,0,0,0.7071,-0.7071,0.191
2026-01-27 10:00:00,1.63,28.5,64.0,6.0,10,1,0,0,0.5,-0.866,0.248
2026-01-27 11:00:00,1.24,29.9,60.0,6.0,11,1,0,0,0.2588,-0.9659,0.389
2026-01-27 12:00:00,1.23,29.1,61.0,6.0,12,1,0,0,0.0,-1.0,0.311
2026-01-27 13:00:00,1.28,29.8,59.0,6.0,13,1,0,0,-0.2588,-0.9659,0.383
2026-01-27 14:00:00,0.83,28.7,60.0,6.0,14,1,0,0,-0.5,-0.866,0.275
2026-01-27 15:00:00,0.79,28.0,59.0,6.0,15,1,0,0,-0.7071,-0.7071,0.201
2026-01-27 16:00:00,1.33,26.9,68.0,6.0,16,1,0,0,-0.866,-0.5,0.093
2026-01-27 17:00:00,2.17,26.3,65.0,6.0,17,1,0,0,-0.9659,-0.2588,0.027
2026-01-27 18:00:00,2.85,25.7,69.0,8.5,18,1,0,1,-1.0,-0.0,0.034
2026-01-27 19:00:00,3.49,24.1,68.0,8.5,19,1,0,1,-0.9659,0.2588,0.19
2026-01-27 20:00:00,3.08,23.7,69.0,8.5,20,1,0,1,-0.866,0.5,0.229
2026-01-27 21:00:00,1.89,23.2,74.0,8.5,21,1,0,1,-0.7071,0.7071,0.283
2026-01-27 22:00:00,1.32,23.0,77.0,4.5,22,1,0,0,-0.5,0.866,0.303
2026-01-27 23:00:00,0.83,22.0,79.0,4.5,23,1,0,0,-0.2588,0.9659,0.402
2026-01-28 00:00:00,0.84,22.7,70.0,4.5,0,2,0,0,0.0,1.0,0.334
2026-01-28 01:00:00,0.89,22.9,76.0,4.5,1,2,0,0,0.2588,0.9659,0.305
2026-01-28 02:00:00,0.85,22.3,76.0,4.5,2,2,0,0,0.5,0.866,0.373
2026-01-28 03:00:00,0.75,23.5,74.0,4.5,3,2,0,0,0.7071,0.7071,0.251
2026-01-28 04:00:00,0.93,22.9,72.0,4.5,4,2,0,0,0.866,0.5,0.31
2026-01-28 05:00:00,0.89,24.9,65.0,4.5,5,2,0,0,0.9659,0.2588,0.114
2026-01-28 06:00:00,1.37,26.2,68.0,6.0,6,2,0,0,1.0,0.0,0.021
2026-01-28 07:00:00,2.25,27.0,68.0,6.0,7,2,0,0,0.9659,-0.2588,0.099
2026-01-28 08:00:00,2.44,28.1,63.0,6.0,8,2,0,0,0.866,-0.5,0.212
2026-01-28 09:00:00,2.24,29.6,62.0,6.0,9,2,0,0,0.7071,-0.7071,0.362
2026-01-28 10:00:00,1.67,29.8,59.0,6.0,10,2,0,0,0.5,-0.866,0.38
2026-01-28 11:00:00,1.23,30.3,53.0,6.0,11,2,0,0,0.2588,-0.9659,0.427
2026-01-28 12:00:00,1.21,29.7,60.0,6.0,12,2,0,0,0.0,-1.0,0.371
2026-01-28 13:00:00,1.27,29.7,62.0,6.0,13,2,0,0,-0.2588,-0.9659,0.371
2026-01-28 14:00:00,1.03,30.2,59.0,6.0,14,2,0,0,-0.5,-0.866,0.419
2026-01-28 15:00:00,0.97,28.4,62.0,6.0,15,2,0,0,-0.7071,-0.7071,0.236
2026-01-28 16:00:00,1.29,27.5,65.0,6.0,16,2,0,0,-0.866,-0.5,0.15
2026-01-28 17:00:00,2.02,26.4,69.0,6.0,17,2,0,0,-0.9659,-0.2588,0.039
2026-01-28 18:00:00,2.73,25.4,67.0,8.5,18,2,0,1,-1.0,-0.0,0.057
2026-01-28 19:00:00,3.26,25.8,66.0,8.5,19,2,0,1,-0.9659,0.2588,0.023
2026-01-28 20:00:00,3.04,23.8,75.0,8.5,20,2,0,1,-0.866,0.5,0.224
2026-01-28 21:00:00,2.1,22.6,76.0,8.5,21,2,0,1,-0.7071,0.7071,0.338
2026-01-28 22:00:00,1.54,22.3,73.0,4.5,22,2,0,0,-0.5,0.866,0.373
2026-01-28 23:00:00,0.9,22.6,74.0,4.5,23,2,0,0,-0.2588,0.9659,0.338
2026-01-29 00:00:00,1.0,22.1,69.0,4.5,0,3,0,0,0.0,1.0,0.387
2026-01-29 01:00:00,0.72,21.5,77.0,4.5,1,3,0,0,0.2588,0.9659,0.451
2026-01-29 02:00:00,1.0,21.7,72.0,4.5,2,3,0,0,0.5,0.866,0.431
2026-01-29 03:00:00,0.82,23.2,70.0,4.5,3,3,0,0,0.7071,0.7071,0.278
2026-01-29 04:00:00,0.63,23.3,73.0,4.5,4,3,0,0,0.866,0.5,0.267
2026-01-29 05:00:00,0.77,25.2,72.0,4.5,5,3,0,0,0.9659,0.2588,0.081
2026-01-29 06:00:00,1.26,25.2,70.0,6.0,6,3,0,0,1.0,0.0,0.081
2026-01-29 07:00:00,2.04,27.3,65.0,6.0,7,3,0,0,0.9659,-0.2588,0.128
2026-01-29 08:00:00,2.38,28.7,58.0,6.0,8,3,0,0,0.866,-0.5,0.274
2026-01-29 09:00:00,2.05,28.0,66.0,6.0,9,3,0,0,0.7071,-0.7071,0.195
2026-01-29 10:00:00,1.46,29.5,60.0,6.0,10,3,0,0,0.5,-0.866,0.348
2026-01-29 11:00:00,1.48,30.8,60.0,6.0,11,3,0,0,0.2588,-0.9659,0.476
2026-01-29 12:00:00,1.15,28.9,58.0,6.0,12,3,0,0,0.0,-1.0,0.293
2026-01-29 13:00:00,1.34,30.4,62.0,6.0,13,3,0,0,-0.2588,-0.9659,0.438
2026-01-29 14:00:00,0.86,28.6,60.0,6.0,14,3,0,0,-0.5,-0.866,0.262
2026-01-29 15:00:00,1.05,29.3,62.0,6.0,15,3,0,0,-0.7071,-0.7071,0.329
2026-01-29 16:00:00,1.36,27.2,65.0,6.0,16,3,0,0,-0.866,-0.5,0.117
2026-01-29 17:00:00,2.04,26.1,69.0,6.0,17,3,0,0,-0.9659,-0.2588,0.013
2026-01-29 18:00:00,3.09,25.7,63.0,8.5,18,3,0,1,-1.0,-0.0,0.03
2026-01-29 19:00:00,3.35,25.3,71.0,8.5,19,3,0,1,-0.9659,0.2588,0.066
2026-01-29 20:00:00,3.11,24.9,71.0,8.5,20,3,0,1,-0.866,0.5,0.113
2026-01-29 21:00:00,2.09,22.4,72.0,8.5,21,3,0,1,-0.7071,0.7071,0.358
2026-01-29 22:00:00,1.55,22.8,69.0,4.5,22,3,0,0,-0.5,0.866,0.316
2026-01-29 23:00:00,0.91,22.6,71.0,4.5,23,3,0,0,-0.2588,0.9659,0.342
2026-01-30 00:00:00,0.64,21.7,77.0,4.5,0,4,0,0,0.0,1.0,0.426
2026-01-30 01:00:00,0.68,22.1,77.0,4.5,1,4,0,0,0.2588,0.9659,0.388
2026-01-30 02:00:00,0.91,21.9,76.0,4.5,2,4,0,0,0.5,0.866,0.413
2026-01-30 03:00:00,1.0,23.6,66.0,4.5,3,4,0,0,0.7071,0.7071,0.238
2026-01-30 04:00:00,0.97,23.4,73.0,4.5,4,4,0,0,0.866,0.5,0.259
2026-01-30 05:00:00,0.91,24.9,71.0,4.5,5,4,0,0,0.9659,0.2588,0.109
2026-01-30 06:00:00,1.19,26.2,63.0,6.0,6,4,0,0,1.0,0.0,0.024
2026-01-30 07:00:00,1.98,26.9,59.0,6.0,7,4,0,0,0.9659,-0.2588,0.09
2026-01-30 08:00:00,2.59,28.9,64.0,6.0,8,4,0,0,0.866,-0.5,0.293
2026-01-30 09:00:00,2.37,28.6,64.0,6.0,9,4,0,0,0.7071,-0.7071,0.262
2026-01-30 10:00:00,1.82,30.1,54.0,6.0,10,4,0,0,0.5,-0.866,0.415
2026-01-30 11:00:00,1.13,30.0,59.0,6.0,11,4,0,0,0.2588,-0.9659,0.401
2026-01-30 12:00:00,1.26,29.2,59.0,6.0,12,4,0,0,0.0,-1.0,0.323
2026-01-30 13:00:00,1.19,30.3,56.0,6.0,13,4,0,0,-0.2588,-0.9659,0.427
2026-01-30 14:00:00,0.93,28.5,64.0,6.0,14,4,0,0,-0.5,-0.866,0.249
2026-01-30 15:00:00,0.91,28.4,64.0,6.0,15,4,0,0,-0.7071,-0.7071,0.241
2026-01-30 16:00:00,1.49,28.7,56.0,6.0,16,4,0,0,-0.866,-0.5,0.267
2026-01-30 17:00:00,2.14,27.9,59.0,6.0,17,4,0,0,-0.9659,-0.2588,0.192
2026-01-30 18:00:00,2.85,25.7,63.0,8.5,18,4,0,1,-1.0,-0.0,0.028
2026-01-30 19:00:00,3.31,24.7,64.0,8.5,19,4,0,1,-0.9659,0.2588,0.125
2026-01-30 20:00:00,2.84,23.1,70.0,8.5,20,4,0,1,-0.866,0.5,0.289
2026-01-30 21:00:00,2.01,22.2,78.0,8.5,21,4,0,1,-0.7071,0.7071,0.383
2026-01-30 22:00:00,1.53,22.9,76.0,4.5,22,4,0,0,-0.5,0.866,0.308
2026-01-30 23:00:00,0.92,22.3,77.0,4.5,23,4,0,0,-0.2588,0.9659,0.37
2026-01-31 00:00:00,1.03,21.2,73.0,4.5,0,5,1,0,0.0,1.0,0.482
2026-01-31 01:00:00,0.98,22.9,69.0,4.5,1,5,1,0,0.2588,0.9659,0.31
2026-01-31 02:00:00,1.01,23.1,69.0,4.5,2,5,1,0,0.5,0.866,0.288
2026-01-31 03:00:00,1.12,23.8,71.0,4.5,3,5,1,0,0.7071,0.7071,0.216
2026-01-31 04:00:00,1.12,24.7,72.0,4.5,4,5,1,0,0.866,0.5,0.129
2026-01-31 05:00:00,1.18,25.1,70.0,4.5,5,5,1,0,0.9659,0.2588,0.089
2026-01-31 06:00:00,1.82,26.1,64.0,6.0,6,5,1,0,1.0,0.0,0.009
2026-01-31 07:00:00,2.56,27.5,58.0,6.0,7,5,1,0,0.9659,-0.2588,0.153
2026-01-31 08:00:00,2.65,27.8,64.0,6.0,8,5,1,0,0.866,-0.5,0.183
2026-01-31 09:00:00,2.6,27.9,58.0,6.0,9,5,1,0,0.7071,-0.7071,0.192
2026-01-31 10:00:00,1.93,29.6,55.0,6.0,10,5,1,0,0.5,-0.866,0.363
2026-01-31 11:00:00,1.58,29.8,57.0,6.0,11,5,1,0,0.2588,-0.9659,0.379
2026-01-31 12:00:00,1.41,29.5,60.0,6.0,12,5,1,0,0.0,-1.0,0.352
2026-01-31 13:00:00,1.32,30.4,53.0,6.0,13,5,1,0,-0.2588,-0.9659,0.444
2026-01-31 14:00:00,1.55,29.7,59.0,6.0,14,5,1,0,-0.5,-0.866,0.375
2026-01-31 15:00:00,1.23,29.1,55.0,6.0,15,5,1,0,-0.7071,-0.7071,0.308
2026-01-31 16:00:00,2.03,28.4,58.0,6.0,16,5,1,0,-0.866,-0.5,0.24
2026-01-31 17:00:00,2.72,27.8,63.0,6.0,17,5,1,0,-0.9659,-0.2588,0.175
2026-01-31 18:00:00,3.13,25.0,68.0,8.5,18,5,1,1,-1.0,-0.0,0.1
2026-01-31 19:00:00,3.48,25.5,70.0,8.5,19,5,1,1,-0.9659,0.2588,0.046
2026-01-31 20:00:00,3.1,24.1,65.0,8.5,20,5,1,1,-0.866,0.5,0.192
2026-01-31 21:00:00,2.39,23.5,68.0,8.5,21,5,1,1,-0.7071,0.7071,0.251
2026-01-31 22:00:00,1.69,22.2,73.0,4.5,22,5,1,0,-0.5,0.866,0.379
2026-01-31 23:00:00,1.17,22.9,70.0,4.5,23,5,1,0,-0.2588,0.9659,0.305
2026-02-01 00:00:00,1.07,22.7,69.0,4.5,0,6,1,0,0.0,1.0,0.327
2026-02-01 01:00:00,1.29,22.5,73.0,4.5,1,6,1,0,0.2588,0.9659,0.355
2026-02-01 02:00:00,1.0,22.4,70.0,4.5,2,6,1,0,0.5,0.866,0.364
2026-02-01 03:00:00,1.16,22.4,70.0,4.5,3,6,1,0,0.7071,0.7071,0.355
2026-02-01 04:00:00,0.95,23.3,73.0,4.5,4,6,1,0,0.866,0.5,0.274
2026-02-01 05:00:00,1.36,24.1,75.0,4.5,5,6,1,0,0.9659,0.2588,0.194
2026-02-01 06:00:00,1.54,26.5,67.0,6.0,6,6,1,0,1.0,0.0,0.048
2026-02-01 07:00:00,2.34,26.5,70.0,6.0,7,6,1,0,0.9659,-0.2588,0.049
2026-02-01 08:00:00,2.92,28.3,64.0,6.0,8,6,1,0,0.866,-0.5,0.232
2026-02-01 09:00:00,2.3,27.9,58.0,6.0,9,6,1,0,0.7071,-0.7071,0.187
2026-02-01 10:00:00,1.99,28.8,63.0,6.0,10,6,1,0,0.5,-0.866,0.277
2026-02-01 11:00:00,1.59,30.6,55.0,6.0,11,6,1,0,0.2588,-0.9659,0.462
2026-02-01 12:00:00,1.42,30.3,59.0,6.0,12,6,1,0,0.0,-1.0,0.434
2026-02-01 13:00:00,1.25,29.3,61.0,6.0,13,6,1,0,-0.2588,-0.9659,0.328
2026-02-01 14:00:00,1.5,29.2,63.0,6.0,14,6,1,0,-0.5,-0.866,0.319
2026-02-01 15:00:00,1.53,29.2,60.0,6.0,15,6,1,0,-0.7071,-0.7071,0.317
2026-02-01 16:00:00,1.78,27.9,60.0,6.0,16,6,1,0,-0.866,-0.5,0.189
2026-02-01 17:00:00,2.55,26.4,68.0,6.0,17,6,1,0,-0.9659,-0.2588,0.037
2026-02-01 18:00:00,3.14,26.5,65.0,8.5,18,6,1,1,-1.0,-0.0,0.051
2026-02-01 19:00:00,3.51,24.2,67.0,8.5,19,6,1,1,-0.9659,0.2588,0.18
2026-02-01 20:00:00,3.21,23.4,74.0,8.5,20,6,1,1,-0.866,0.5,0.263
2026-02-01 21:00:00,2.37,23.7,66.0,8.5,21,6,1,1,-0.7071,0.7071,0.229
2026-02-01 22:00:00,1.54,22.2,71.0,4.5,22,6,1,0,-0.5,0.866,0.384
2026-02-01 23:00:00,1.46,22.9,76.0,4.5,23,6,1,0,-0.2588,0.9659,0.312
2026-02-02 00:00:00,0.78,21.6,75.0,4.5,0,0,0,0,0.0,1.0,0.441
2026-02-02 01:00:00,0.86,21.5,78.0,4.5,1,0,0,0,0.2588,0.9659,0.455
2026-02-02 02:00:00,0.82,22.4,78.0,4.5,2,0,0,0,0.5,0.866,0.365
2026-02-02 03:00:00,0.71,23.5,67.0,4.5,3,0,0,0,0.7071,0.7071,0.25
2026-02-02 04:00:00,0.64,23.8,68.0,4.5,4,0,0,0,0.866,0.5,0.221
2026-02-02 05:00:00,0.88,25.7,67.0,4.5,5,0,0,0,0.9659,0.2588,0.026
2026-02-02 06:00:00,1.53,25.9,62.0,6.0,6,0,0,0,1.0,0.0,0.015
2026-02-02 07:00:00,1.89,26.3,69.0,6.0,7,0,0,0,0.9659,-0.2588,0.03
2026-02-02 08:00:00,2.6,27.5,68.0,6.0,8,0,0,0,0.866,-0.5,0.154
2026-02-02 09:00:00,2.42,29.6,60.0,6.0,9,0,0,0,0.7071,-0.7071,0.359
2026-02-02 10:00:00,1.89,30.4,59.0,6.0,10,0,0,0,0.5,-0.866,0.435
2026-02-02 11:00:00,1.12,28.9,65.0,6.0,11,0,0,0,0.2588,-0.9659,0.292
2026-02-02 12:00:00,1.18,30.4,58.0,6.0,12,0,0,0,0.0,-1.0,0.443
2026-02-02 13:00:00,0.88,28.9,57.0,6.0,13,0,0,0,-0.2588,-0.9659,0.291
2026-02-02 14:00:00,0.95,29.1,62.0,6.0,14,0,0,0,-0.5,-0.866,0.312
2026-02-02 15:00:00,1.13,29.5,60.0,6.0,15,0,0,0,-0.7071,-0.7071,0.348
2026-02-02 16:00:00,1.57,28.4,66.0,6.0,16,0,0,0,-0.866,-0.5,0.239
2026-02-02 17:00:00,2.2,26.8,63.0,6.0,17,0,0,0,-0.9659,-0.2588,0.08
2026-02-02 18:00:00,3.13,26.8,63.0,8.5,18,0,0,1,-1.0,-0.0,0.083
2026-02-02 19:00:00,3.31,24.7,71.0,8.5,19,0,0,1,-0.9659,0.2588,0.127
2026-02-02 20:00:00,2.94,24.0,69.0,8.5,20,0,0,1,-0.866,0.5,0.197
2026-02-02 21:00:00,2.24,23.6,67.0,8.5,21,0,0,1,-0.7071,0.7071,0.24
2026-02-02 22:00:00,1.24,22.0,78.0,4.5,22,0,0,0,-0.5,0.866,0.395
2026-02-02 23:00:00,0.8,22.0,79.0,4.5,23,0,0,0,-0.2588,0.9659,0.399
2026-02-03 00:00:00,0.78,22.4,78.0,4.5,0,1,0,0,0.0,1.0,0.356
2026-02-03 01:00:00,0.69,21.5,77.0,4.5,1,1,0,0,0.2588,0.9659,0.452
2026-02-03 02:00:00,0.97,21.8,72.0,4.5,2,1,0,0,0.5,0.866,0.419
2026-02-03 03:00:00,0.86,23.1,77.0,4.5,3,1,0,0,0.7071,0.7071,0.293
2026-02-03 04:00:00,0.64,24.9,72.0,4.5,4,1,0,0,0.866,0.5,0.114
2026-02-03 05:00:00,0.8,25.9,67.0,4.5,5,1,0,0,0.9659,0.2588,0.011
2026-02-03 06:00:00,1.45,25.6,68.0,6.0,6,1,0,0,1.0,0.0,0.042
2026-02-03 07:00:00,2.12,28.0,59.0,6.0,7,1,0,0,0.9659,-0.2588,0.199
2026-02-03 08:00:00,2.53,27.6,59.0,6.0,8,1,0,0,0.866,-0.5,0.163
2026-02-03 09:00:00,2.23,29.4,64.0,6.0,9,1,0,0,0.7071,-0.7071,0.336
2026-02-03 10:00:00,1.87,30.5,60.0,6.0,10,1,0,0,0.5,-0.866,0.452
2026-02-03 11:00:00,1.1,29.1,60.0,6.0,11,1,0,0,0.2588,-0.9659,0.314
2026-02-03 12:00:00,1.22,30.2,53.0,6.0,12,1,0,0,0.0,-1.0,0.423
2026-02-03 13:00:00,1.21,30.8,59.0,6.0,13,1,0,0,-0.2588,-0.9659,0.481
2026-02-03 14:00:00,1.22,28.9,63.0,6.0,14,1,0,0,-0.5,-0.866,0.287
2026-02-03 15:00:00,0.92,29.0,62.0,6.0,15,1,0,0,-0.7071,-0.7071,0.305
2026-02-03 16:00:00,1.39,28.7,58.0,6.0,16,1,0,0,-0.866,-0.5,0.272
2026-02-03 17:00:00,2.0,26.5,68.0,6.0,17,1,0,0,-0.9659,-0.2588,0.047
2026-02-03 18:00:00,2.9,25.7,62.0,8.5,18,1,0,1,-1.0,-0.0,0.033
2026-02-03 19:00:00,3.39,25.3,63.0,8.5,19,1,0,1,-0.9659,0.2588,0.072
2026-02-03 20:00:00,3.02,24.5,68.0,8.5,20,1,0,1,-0.866,0.5,0.148
2026-02-03 21:00:00,2.06,23.8,74.0,8.5,21,1,0,1,-0.7071,0.7071,0.223
2026-02-03 22:00:00,1.22,23.0,75.0,4.5,22,1,0,0,-0.5,0.866,0.301
2026-02-03 23:00:00,0.79,22.0,71.0,4.5,23,1,0,0,-0.2588,0.9659,0.403
2026-02-04 00:00:00,0.77,21.5,79.0,4.5,0,2,0,0,0.0,1.0,0.454
2026-02-04 01:00:00,0.63,21.4,72.0,4.5,1,2,0,0,0.2588,0.9659,0.459
2026-02-04 02:00:00,0.88,22.5,72.0,4.5,2,2,0,0,0.5,0.866,0.353
2026-02-04 03:00:00,0.89,22.6,75.0,4.5,3,2,0,0,0.7071,0.7071,0.339
2026-02-04 04:00:00,0.96,24.9,69.0,4.5,4,2,0,0,0.866,0.5,0.113
2026-02-04 05:00:00,0.99,25.3,72.0,4.5,5,2,0,0,0.9659,0.2588,0.075
2026-02-04 06:00:00,1.48,25.8,66.0,6.0,6,2,0,0,1.0,0.0,0.024
2026-02-04 07:00:00,1.96,27.3,65.0,6.0,7,2,0,0,0.9659,-0.2588,0.133
2026-02-04 08:00:00,2.59,28.0,59.0,6.0,8,2,0,0,0.866,-0.5,0.2
2026-02-04 09:00:00,2.24,28.8,59.0,6.0,9,2,0,0,0.7071,-0.7071,0.282
2026-02-04 10:00:00,1.84,30.4,60.0,6.0,10,2,0,0,0.5,-0.866,0.442
2026-02-04 11:00:00,1.34,29.4,57.0,6.0,11,2,0,0,0.2588,-0.9659,0.336
2026-02-04 12:00:00,1.16,30.0,54.0,6.0,12,2,0,0,0.0,-1.0,0.403
2026-02-04 13:00:00,0.99,30.6,53.0,6.0,13,2,0,0,-0.2588,-0.9659,0.456
2026-02-04 14:00:00,1.27,30.0,58.0,6.0,14,2,0,0,-0.5,-0.866,0.404
2026-02-04 15:00:00,1.1,29.1,59.0,6.0,15,2,0,0,-0.7071,-0.7071,0.305
2026-02-04 16:00:00,1.38,28.5,64.0,6.0,16,2,0,0,-0.866,-0.5,0.253
2026-02-04 17:00:00,2.24,26.5,69.0,6.0,17,2,0,0,-0.9659,-0.2588,0.05
2026-02-04 18:00:00,3.06,25.6,62.0,8.5,18,2,0,1,-1.0,-0.0,0.041
2026-02-04 19:00:00,3.32,25.2,63.0,8.5,19,2,0,1,-0.9659,0.2588,0.084
2026-02-04 20:00:00,2.75,23.3,72.0,8.5,20,2,0,1,-0.866,0.5,0.273
2026-02-04 21:00:00,2.21,22.8,73.0,8.5,21,2,0,1,-0.7071,0.7071,0.32
2026-02-04 22:00:00,1.49,21.7,74.0,4.5,22,2,0,0,-0.5,0.866,0.427
2026-02-04 23:00:00,1.05,21.5,78.0,4.5,23,2,0,0,-0.2588,0.9659,0.448
2026-02-05 00:00:00,0.78,21.3,72.0,4.5,0,3,0,0,0.0,1.0,0.469
2026-02-05 01:00:00,0.63,22.1,75.0,4.5,1,3,0,0,0.2588,0.9659,0.389
2026-02-05 02:00:00,0.87,23.2,71.0,4.5,2,3,0,0,0.5,0.866,0.281
2026-02-05 03:00:00,0.61,24.3,68.0,4.5,3,3,0,0,0.7071,0.7071,0.171
2026-02-05 04:00:00,0.87,23.2,67.0,4.5,4,3,0,0,0.866,0.5,0.284
2026-02-05 05:00:00,0.77,24.1,73.0,4.5,5,3,0,0,0.9659,0.2588,0.185
2026-02-05 06:00:00,1.48,25.8,69.0,6.0,6,3,0,0,1.0,0.0,0.022
2026-02-05 07:00:00,1.95,27.3,59.0,6.0,7,3,0,0,0.9659,-0.2588,0.134
2026-02-05 08:00:00,2.66,29.0,56.0,6.0,8,3,0,0,0.866,-0.5,0.304
2026-02-05 09:00:00,2.33,29.0,59.0,6.0,9,3,0,0,0.7071,-0.7071,0.304
2026-02-05 10:00:00,1.77,30.1,59.0,6.0,10,3,0,0,0.5,-0.866,0.409
2026-02-05 11:00:00,1.42,31.0,54.0,6.0,11,3,0,0,0.2588,-0.9659,0.497
2026-02-05 12:00:00,1.09,30.7,57.0,6.0,12,3,0,0,0.0,-1.0,0.472
2026-02-05 13:00:00,1.1,29.6,55.0,6.0,13,3,0,0,-0.2588,-0.9659,0.358
2026-02-05 14:00:00,1.05,28.9,62.0,6.0,14,3,0,0,-0.5,-0.866,0.289
2026-02-05 15:00:00,1.11,28.5,61.0,6.0,15,3,0,0,-0.7071,-0.7071,0.254
2026-02-05 16:00:00,1.39,27.4,66.0,6.0,16,3,0,0,-0.866,-0.5,0.143
2026-02-05 17:00:00,2.15,27.4,59.0,6.0,17,3,0,0,-0.9659,-0.2588,0.141
2026-02-05 18:00:00,2.73,25.2,67.0,8.5,18,3,0,1,-1.0,-0.0,0.079
2026-02-05 19:00:00,3.2,25.3,62.0,8.5,19,3,0,1,-0.9659,0.2588,0.07
2026-02-05 20:00:00,2.85,23.6,69.0,8.5,20,3,0,1,-0.866,0.5,0.238
2026-02-05 21:00:00,2.1,23.0,72.0,8.5,21,3,0,1,-0.7071,0.7071,0.297
2026-02-05 22:00:00,1.25,22.5,74.0,4.5,22,3,0,0,-0.5,0.866,0.352
2026-02-05 23:00:00,0.86,21.6,73.0,4.5,23,3,0,0,-0.2588,0.9659,0.443
2026-02-06 00:00:00,0.75,21.8,76.0,4.5,0,4,0,0,0.0,1.0,0.42
2026-02-06 01:00:00,0.75,22.9,75.0,4.5,1,4,0,0,0.2588,0.9659,0.306
2026-02-06 02:00:00,0.85,21.8,77.0,4.5,2,4,0,0,0.5,0.866,0.422
2026-02-06 03:00:00,0.76,22.4,70.0,4.5,3,4,0,0,0.7071,0.7071,0.356
2026-02-06 04:00:00,0.85,24.9,69.0,4.5,4,4,0,0,0.866,0.5,0.113
2026-02-06 05:00:00,1.01,25.7,62.0,4.5,5,4,0,0,0.9659,0.2588,0.03
2026-02-06 06:00:00,1.56,26.4,70.0,6.0,6,4,0,0,1.0,0.0,0.043
2026-02-06 07:00:00,1.92,26.6,61.0,6.0,7,4,0,0,0.9659,-0.2588,0.057
2026-02-06 08:00:00,2.36,27.3,60.0,6.0,8,4,0,0,0.866,-0.5,0.126
2026-02-06 09:00:00,2.28,29.7,55.0,6.0,9,4,0,0,0.7071,-0.7071,0.366
2026-02-06 10:00:00,1.7,29.7,54.0,6.0,10,4,0,0,0.5,-0.866,0.368
2026-02-06 11:00:00,1.11,29.5,62.0,6.0,11,4,0,0,0.2588,-0.9659,0.354
2026-02-06 12:00:00,1.38,31.1,56.0,6.0,12,4,0,0,0.0,-1.0,0.506
2026-02-06 13:00:00,1.23,30.1,57.0,6.0,13,4,0,0,-0.2588,-0.9659,0.406
2026-02-06 14:00:00,1.0,29.7,54.0,6.0,14,4,0,0,-0.5,-0.866,0.368
2026-02-06 15:00:00,1.06,28.3,57.0,6.0,15,4,0,0,-0.7071,-0.7071,0.23
2026-02-06 16:00:00,1.42,28.4,59.0,6.0,16,4,0,0,-0.866,-0.5,0.24
2026-02-06 17:00:00,2.28,27.3,65.0,6.0,17,4,0,0,-0.9659,-0.2588,0.134
2026-02-06 18:00:00,2.81,26.0,63.0,8.5,18,4,0,1,-1.0,-0.0,0.002
2026-02-06 19:00:00,3.25,25.0,70.0,8.5,19,4,0,1,-0.9659,0.2588,0.103
2026-02-06 20:00:00,2.8,24.6,69.0,8.5,20,4,0,1,-0.866,0.5,0.139
2026-02-06 21:00:00,1.92,23.0,75.0,8.5,21,4,0,1,-0.7071,0.7071,0.305
2026-02-06 22:00:00,1.27,23.4,74.0,4.5,22,4,0,0,-0.5,0.866,0.256
2026-02-06 23:00:00,0.92,23.3,70.0,4.5,23,4,0,0,-0.2588,0.9659,0.274
2026-02-07 00:00:00,1.25,22.7,75.0,4.5,0,5,1,0,0.0,1.0,0.331
2026-02-07 01:00:00,0.99,21.4,74.0,4.5,1,5,1,0,0.2588,0.9659,0.459
2026-02-07 02:00:00,1.17,23.1,70.0,4.5,2,5,1,0,0.5,0.866,0.292
2026-02-07 03:00:00,1.26,22.9,77.0,4.5,3,5,1,0,0.7071,0.7071,0.305
2026-02-07 04:00:00,1.05,23.2,67.0,4.5,4,5,1,0,0.866,0.5,0.276
2026-02-07 05:00:00,1.17,25.0,66.0,4.5,5,5,1,0,0.9659,0.2588,0.102
2026-02-07 06:00:00,1.68,26.3,68.0,6.0,6,5,1,0,1.0,0.0,0.034
2026-02-07 07:00:00,2.53,28.1,65.0,6.0,7,5,1,0,0.9659,-0.2588,0.206
2026-02-07 08:00:00,2.75,27.9,63.0,6.0,8,5,1,0,0.866,-0.5,0.193
2026-02-07 09:00:00,2.39,28.4,66.0,6.0,9,5,1,0,0.7071,-0.7071,0.237
2026-02-07 10:00:00,2.15,30.6,56.0,6.0,10,5,1,0,0.5,-0.866,0.46
2026-02-07 11:00:00,1.33,29.2,62.0,6.0,11,5,1,0,0.2588,-0.9659,0.318
2026-02-07 12:00:00,1.61,30.6,52.0,6.0,12,5,1,0,0.0,-1.0,0.456
2026-02-07 13:00:00,1.27,29.5,63.0,6.0,13,5,1,0,-0.2588,-0.9659,0.353
2026-02-07 14:00:00,1.57,30.2,56.0,6.0,14,5,1,0,-0.5,-0.866,0.418
2026-02-07 15:00:00,1.39,28.5,59.0,6.0,15,5,1,0,-0.7071,-0.7071,0.253
2026-02-07 16:00:00,1.67,28.0,59.0,6.0,16,5,1,0,-0.866,-0.5,0.198
2026-02-07 17:00:00,2.46,26.4,61.0,6.0,17,5,1,0,-0.9659,-0.2588,0.043
2026-02-07 18:00:00,3.35,26.2,68.0,8.5,18,5,1,1,-1.0,-0.0,0.024
2026-02-07 19:00:00,3.48,25.2,69.0,8.5,19,5,1,1,-0.9659,0.2588,0.076
2026-02-07 20:00:00,3.1,24.4,71.0,8.5,20,5,1,1,-0.866,0.5,0.162
2026-02-07 21:00:00,2.31,22.8,71.0,8.5,21,5,1,1,-0.7071,0.7071,0.321
2026-02-07 22:00:00,1.8,22.2,77.0,4.5,22,5,1,0,-0.5,0.866,0.382
2026-02-07 23:00:00,1.44,22.8,77.0,4.5,23,5,1,0,-0.2588,0.9659,0.323
2026-02-08 00:00:00,1.2,22.4,73.0,4.5,0,6,1,0,0.0,1.0,0.356
2026-02-08 01:00:00,1.08,22.0,73.0,4.5,1,6,1,0,0.2588,0.9659,0.399
2026-02-08 02:00:00,1.12,22.8,72.0,4.5,2,6,1,0,0.5,0.866,0.325
2026-02-08 03:00:00,0.9,24.1,74.0,4.5,3,6,1,0,0.7071,0.7071,0.188
2026-02-08 04:00:00,1.3,23.6,74.0,4.5,4,6,1,0,0.866,0.5,0.241
2026-02-08 05:00:00,1.37,24.2,66.0,4.5,5,6,1,0,0.9659,0.2588,0.176
2026-02-08 06:00:00,1.69,25.4,63.0,6.0,6,6,1,0,1.0,0.0,0.056
2026-02-08 07:00:00,2.39,28.1,59.0,6.0,7,6,1,0,0.9659,-0.2588,0.21
2026-02-08 08:00:00,2.68,28.2,64.0,6.0,8,6,1,0,0.866,-0.5,0.216
2026-02-08 09:00:00,2.33,28.6,66.0,6.0,9,6,1,0,0.7071,-0.7071,0.261
2026-02-08 10:00:00,1.78,30.1,57.0,6.0,10,6,1,0,0.5,-0.866,0.413
2026-02-08 11:00:00,1.55,30.3,54.0,6.0,11,6,1,0,0.2588,-0.9659,0.432
2026-02-08 12:00:00,1.31,30.8,53.0,6.0,12,6,1,0,0.0,-1.0,0.48
2026-02-08 13:00:00,1.25,29.7,54.0,6.0,13,6,1,0,-0.2588,-0.9659,0.37
2026-02-08 14:00:00,1.31,29.7,61.0,6.0,14,6,1,0,-0.5,-0.866,0.373
2026-02-08 15:00:00,1.31,29.1,57.0,6.0,15,6,1,0,-0.7071,-0.7071,0.312
2026-02-08 16:00:00,1.87,28.2,65.0,6.0,16,6,1,0,-0.866,-0.5,0.217
2026-02-08 17:00:00,2.39,27.8,62.0,6.0,17,6,1,0,-0.9659,-0.2588,0.177
2026-02-08 18:00:00,3.31,26.7,69.0,8.5,18,6,1,1,-1.0,-0.0,0.066
2026-02-08 19:00:00,3.58,25.2,63.0,8.5,19,6,1,1,-0.9659,0.2588,0.081
2026-02-08 20:00:00,3.05,23.9,69.0,8.5,20,6,1,1,-0.866,0.5,0.211
2026-02-08 21:00:00,2.53,24.3,71.0,8.5,21,6,1,1,-0.7071,0.7071,0.174
2026-02-08 22:00:00,1.62,22.3,74.0,4.5,22,6,1,0,-0.5,0.866,0.366
2026-02-08 23:00:00,1.33,22.8,76.0,4.5,23,6,1,0,-0.2588,0.9659,0.315
2026-02-09 00:00:00,0.8,22.8,71.0,4.5,0,0,0,0,0.0,1.0,0.32
2026-02-09 01:00:00,0.92,22.2,73.0,4.5,1,0,0,0,0.2588,0.9659,0.383
2026-02-09 02:00:00,0.65,21.9,76.0,4.5,2,0,0,0,0.5,0.866,0.413
2026-02-09 03:00:00,0.61,22.7,75.0,4.5,3,0,0,0,0.7071,0.7071,0.333
2026-02-09 04:00:00,1.0,23.3,68.0,4.5,4,0,0,0,0.866,0.5,0.267
2026-02-09 05:00:00,0.91,25.2,65.0,4.5,5,0,0,0,0.9659,0.2588,0.075
2026-02-09 06:00:00,1.58,27.0,60.0,6.0,6,0,0,0,1.0,0.0,0.101
2026-02-09 07:00:00,1.98,26.3,62.0,6.0,7,0,0,0,0.9659,-0.2588,0.033
2026-02-09 08:00:00,2.29,27.9,65.0,6.0,8,0,0,0,0.866,-0.5,0.188
2026-02-09 09:00:00,2.32,28.4,58.0,6.0,9,0,0,0,0.7071,-0.7071,0.242
2026-02-09 10:00:00,1.63,29.4,62.0,6.0,10,0,0,0,0.5,-0.866,0.342
2026-02-09 11:00:00,1.23,29.5,60.0,6.0,11,0,0,0,0.2588,-0.9659,0.347
2026-02-09 12:00:00,1.22,30.9,55.0,6.0,12,0,0,0,0.0,-1.0,0.494
2026-02-09 13:00:00,1.39,30.9,57.0,6.0,13,0,0,0,-0.2588,-0.9659,0.491
2026-02-09 14:00:00,1.33,30.4,55.0,6.0,14,0,0,0,-0.5,-0.866,0.437
2026-02-09 15:00:00,1.01,28.3,59.0,6.0,15,0,0,0,-0.7071,-0.7071,0.23
2026-02-09 16:00:00,1.7,28.8,65.0,6.0,16,0,0,0,-0.866,-0.5,0.283
2026-02-09 17:00:00,2.31,27.0,61.0,6.0,17,0,0,0,-0.9659,-0.2588,0.096
2026-02-09 18:00:00,3.01,27.1,66.0,8.5,18,0,0,1,-1.0,-0.0,0.107
2026-02-09 19:00:00,3.36,25.0,65.0,8.5,19,0,0,1,-0.9659,0.2588,0.098
2026-02-09 20:00:00,2.76,24.5,65.0,8.5,20,0,0,1,-0.866,0.5,0.153
2026-02-09 21:00:00,1.89,23.2,74.0,8.5,21,0,0,1,-0.7071,0.7071,0.284
2026-02-09 22:00:00,1.56,23.4,71.0,4.5,22,0,0,0,-0.5,0.866,0.258
2026-02-09 23:00:00,0.89,22.5,69.0,4.5,23,0,0,0,-0.2588,0.9659,0.346
2026-02-10 00:00:00,0.89,22.4,78.0,4.5,0,1,0,0,0.0,1.0,0.358
2026-02-10 01:00:00,0.92,22.3,71.0,4.5,1,1,0,0,0.2588,0.9659,0.369
2026-02-10 02:00:00,0.83,22.6,74.0,4.5,2,1,0,0,0.5,0.866,0.339
2026-02-10 03:00:00,0.85,24.3,69.0,4.5,3,1,0,0,0.7071,0.7071,0.167
2026-02-10 04:00:00,0.86,24.9,72.0,4.5,4,1,0,0,0.866,0.5,0.111
2026-02-10 05:00:00,1.06,25.9,68.0,4.5,5,1,0,0,0.9659,0.2588,0.01
2026-02-10 06:00:00,1.52,26.8,66.0,6.0,6,1,0,0,1.0,0.0,0.076
2026-02-10 07:00:00,2.14,28.0,58.0,6.0,7,1,0,0,0.9659,-0.2588,0.201
2026-02-10 08:00:00,2.46,27.6,66.0,6.0,8,1,0,0,0.866,-0.5,0.156
2026-02-10 09:00:00,2.1,29.4,60.0,6.0,9,1,0,0,0.7071,-0.7071,0.337
2026-02-10 10:00:00,1.77,29.9,56.0,6.0,10,1,0,0,0.5,-0.866,0.387
2026-02-10 11:00:00,1.47,30.9,57.0,6.0,11,1,0,0,0.2588,-0.9659,0.491
2026-02-10 12:00:00,1.35,31.0,61.0,6.0,12,1,0,0,0.0,-1.0,0.498
2026-02-10 13:00:00,1.19,29.4,63.0,6.0,13,1,0,0,-0.2588,-0.9659,0.335
2026-02-10 14:00:00,1.16,29.2,62.0,6.0,14,1,0,0,-0.5,-0.866,0.318
2026-02-10 15:00:00,1.22,29.0,61.0,6.0,15,1,0,0,-0.7071,-0.7071,0.296
2026-02-10 16:00:00,1.28,27.4,64.0,6.0,16,1,0,0,-0.866,-0.5,0.138
2026-02-10 17:00:00,2.25,27.4,60.0,6.0,17,1,0,0,-0.9659,-0.2588,0.142
2026-02-10 18:00:00,3.09,26.2,65.0,8.5,18,1,0,1,-1.0,-0.0,0.019
2026-02-10 19:00:00,3.19,25.5,64.0,8.5,19,1,0,1,-0.9659,0.2588,0.048
2026-02-10 20:00:00,2.81,24.4,74.0,8.5,20,1,0,1,-0.866,0.5,0.161
2026-02-10 21:00:00,2.15,23.7,69.0,8.5,21,1,0,1,-0.7071,0.7071,0.234
2026-02-10 22:00:00,1.52,23.6,72.0,4.5,22,1,0,0,-0.5,0.866,0.238
2026-02-10 23:00:00,1.0,22.4,75.0,4.5,23,1,0,0,-0.2588,0.9659,0.355
2026-02-11 00:00:00,0.71,21.3,79.0,4.5,0,2,0,0,0.0,1.0,0.467
2026-02-11 01:00:00,0.76,21.4,74.0,4.5,1,2,0,0,0.2588,0.9659,0.456
2026-02-11 02:00:00,0.96,23.2,76.0,4.5,2,2,0,0,0.5,0.866,0.284
2026-02-11 03:00:00,0.61,23.6,70.0,4.5,3,2,0,0,0.7071,0.7071,0.24
2026-02-11 04:00:00,0.76,24.9,71.0,4.5,4,2,0,0,0.866,0.5,0.109
2026-02-11 05:00:00,0.82,25.8,67.0,4.5,5,2,0,0,0.9659,0.2588,0.021
2026-02-11 06:00:00,1.42,26.6,61.0,6.0,6,2,0,0,1.0,0.0,0.062
2026-02-11 07:00:00,2.14,27.5,61.0,6.0,7,2,0,0,0.9659,-0.2588,0.148
2026-02-11 08:00:00,2.58,29.1,57.0,6.0,8,2,0,0,0.866,-0.5,0.314
2026-02-11 09:00:00,2.4,29.7,54.0,6.0,9,2,0,0,0.7071,-0.7071,0.374
2026-02-11 10:00:00,1.84,30.5,60.0,6.0,10,2,0,0,0.5,-0.866,0.453
2026-02-11 11:00:00,1.43,29.8,57.0,6.0,11,2,0,0,0.2588,-0.9659,0.379
2026-02-11 12:00:00,1.19,29.5,62.0,6.0,12,2,0,0,0.0,-1.0,0.354
2026-02-11 13:00:00,1.15,30.0,55.0,6.0,13,2,0,0,-0.2588,-0.9659,0.396
2026-02-11 14:00:00,1.05,30.3,61.0,6.0,14,2,0,0,-0.5,-0.866,0.431
2026-02-11 15:00:00,1.25,29.9,62.0,6.0,15,2,0,0,-0.7071,-0.7071,0.392
